<?xml version="1.0" encoding="utf-8"?>
<cancellations>

	

	
		<main>
			<title><![CDATA[CANCELLATIONS (ANULAÇÃO DE APOSTAS)]]></title>
			
			<image><![CDATA[<font size="20"><img src='Data/cancellations.jpg' height='100px'/></font>]]></image>
			<text name="text_1"><![CDATA[Online tickets for all games can be cancelled as long as they are cancelled prior to the draw and at the same terminal from which they were printed.
Note that Instant Tickets and Preprinted Tickets CANNOT be cancelled.
To cancel a ticket: 
1.	Touch Anulação de Apostas.
2.	Insert the ticket into the reader or manually enter the ticket serial number using the number keypad.
3.	A confirmation screen displays. Confirm that you want to cancel the ticket and touch Sim or touch Não to cancel.
4.	Insert the ticket into the right side of the reader to brand it CANCELLED.
5.	A cancellation receipt prints automatically.
]]></text>

		</main>
		

		


	
</cancellations>

