<?xml version="1.0" encoding="utf-8"?>	
<gamescreen>
<main>
			<title>Select a Game Title to learn more about it: </title>
			<image><![CDATA[<font size="20"><img src='Data/image.jpg' height='100px'/></font>]]></image>
				<button name="btn_1"><![CDATA[Totoloto]]></button>
				<button name="btn_2"><![CDATA[Totobola]]></button>
				<button name="btn_3"><![CDATA[Lotaria Clásica]]></button>
				<button name="btn_4"><![CDATA[Lotaria Popular]]></button>
				<button name="btn_5"><![CDATA[Euro Milh񥳀]]></button>
</main>				
				
				<game1>
					<title><![CDATA[TOTOLOTO]]></title>
					<image><![CDATA[<font size="20"><img src='Data/totoloto.jpg' height='100px'/></font>]]></image>
					<text name="text_1"><![CDATA[Totoloto is a lotto jackpot game where players choose 5 numbers from 1-49 and 1 number from 1-13. Drawings are held twice a week on Wednesdays and Saturdays. Players win when some or all of the numbers they play match the numbers drawn.<br>Totoloto can be played using a betslip or by manually by entering a player’s numbers on the terminal.
Betslip:<br>The player hands you a completed betslip and you insert it into the terminal reader. The ticket prints automatically.
Manually:<br>1.	From the Home Screen, touch Totoloto.<br>2.	Touch Simples and select the number of boards to play (1-10).<br>3.	Touch Múltiplas to select a system bet or leave at the default of Não for a simple bet.<br>4.	Touch Número da sorte to select a number from 1-13 or leave at the default of AUT for the number to be automatically selected.<br>5.	Touch joker to select Sim or Não to play the joker option.<br>6.	Touch Quarta to select Sim or Não.<br>7.	Touch Sábado to select Sim ror Não.<br>8.	Touch Aposta Automática to let the system randomly choose the player’s numbers and the ticket prints; OR touch Aposta Manual to enter the player’s 5 numbers numbers manually and touch Confirmar to print the ticket.
]]></text>
				</game1>
				
				<game2>
					<title><![CDATA[TOTOBOLA]]></title>
					<image><![CDATA[<font size="20"><img src='Data/totobola.jpg' height='100px'/></font>]]></image>
					<text name="text_2"><![CDATA[Totobola is a nationwide betting game where players predict the results of 13 Portuguese fooball matches by choosing Home Win, Away Win or Draw. Players win a prize when they correctly predict 11, 12 or 13. Totobola can be played using a betslip or by manually by entering a player’s numbers on the terminal.
Betslip:<br>The player hands you a completed betslip and you insert it into the terminal reader. The ticket prints automatically.
Manually:<br>1.	From the Home Screen, touch Totobola.<br>2.	Touch Simples and select the number of boards to play (2, 4, 6, 8 or 10).<br>3.	Touch Múltiplas to select a system bet or leave at the default of Não for a simple bet.<br>4.	Touch Número da sorte to select a number from 1-13 or leave at the default of AUT for the number to be automatically selected.<br>5.	Touch joker to select Sim or Não to play the joker option.<br>6.	Touch Quarta to select Sim or Não to play the Quarta option.<br>7.	Touch Sabado to select Sim or Não to play the Sabado option.<br>8.	Touch Aposta Automática to let the system randomly choose the player’s numbers and the ticket prints; OR, touch Aposta Manual to enter the player’s numbers manually and touch Confirmar to print the ticket.
]]></text>
				</game2>
				
				<game3>
					<title><![CDATA[LOTARIA CLÁSSICA]]></title>
					<image><![CDATA[<font size="20"><img src='Data/classica1.jpg' height='100px'/></font>]]></image>
					<image><![CDATA[<font size="20"><img src='Data/classica2.jpg' height='100px'/></font>]]></image>
					<text name="text_3"><![CDATA[Lotaria Clásica is a national lottery game in which players choose 1 to 5 numbers and fractions for games determined by SCML.  Lotaria Clásica games are entered manually using the terminal.
1.	From the Home Screen, touch Lotaria Clásica.<br>2.	Select a game option and touch Confirmar.<br><br>
]]></text>
<!--NEXT button-->
					<text name="text_3b"><![CDATA[<br>3.	Enter 1 to 5 numbers.<br>4.	Enter the desired number of fractions.<br>5.	Touch Confirmar.<br>6.	The available numbers and fractions display.<br>7.	Click Nova Procura do Número to search for another number OR<br>8.	Touch Confirmar to print the ticket.]]></text>
				</game3>
				
				<game4>
					<title><![CDATA[LOTARIA POPULAR]]></title>
					<image><![CDATA[<font size="20"><img src='Data/popular1.jpg' height='100px'/></font>]]></image>
					<image><![CDATA[<font size="20"><img src='Data/popular2.jpg' height='100px'/></font>]]></image>
					<text name="text_4"><![CDATA[Lotaria Popular is a national lottery game in which players choose 1 to 5 numbers and fractions for games determined by SCML.
Lotaria Popular games are entered manually using the terminal.
1.	From the Home Screen, touch Lotaria Popular.
2.	Select a game option and touch Confirmar.
]]></text>
					<!--NEXT button-->
					<text name="text_4"><![CDATA[3.	Enter 1 to 5 numbers.
4.	Enter the desired number of fractions.
5.	Touch Confirmar.
6.	The numbers and fractions display.
7.	Click Nova Procura do Número to search for another number OR
8.	Touch Confirmar to print the ticket.]]></text>
				</game4>
				
				<game5>
					<title><![CDATA[EUROMILHÕES]]></title>
					<image><![CDATA[<font size="20"><img src='Data/euromil.jpg' height='100px'/></font>]]></image>
					<text name="text_5"><![CDATA[Euro Milhões is a Powerball-type lotto game because numbers are chosen from two different number fields. Five numbers are chosen from 1 to 50; and two numbers (Lucky Stars) are chosen from 1 to 11. Tickets cost 2 Euros each. Drawings are held twice a week on Tuesday and Friday. 

Betslip:<br>The player hands you a completed betslip and you insert it into the terminal reader. The ticket prints automatically.

Manually:
1.	From the Home Screen, touch Euro Milhoes.
2.	Touch Simples and select the number of boards to play (1-5).
3.	Touch Números to select from 5-11 or leave at the default of 5.
4.	Touch Estrelas to select from 2-11 or leave at the default of 2.
5.	Touch joker to select Sim or Não to play the joker option.
6.	Touch Quarta to select Sim or Não.
7.	Touch Terça to select Sim ror Não.
8.	Touch Sexta to select Sim ror Não.
9.	Touch Aposta Automática to let the system randomly choose the player’s numbers and the ticket prints; OR touch Aposta Manual to enter the player’s 5 numbers numbers from 1-50 and two numbers from 1-11 manually and touch Confirmar to print the ticket.

]]></text>
				</game5>
	
		
</gamescreen>	