<?xml version="1.0" encoding="utf-8"?>
<gt1200>
	<title><![CDATA[GT1200]]></title>
	<text name="text_1"><![CDATA[The GT1200 terminal is shown here and it is comprised of many components, including:
<ul><li>Reader for reading playslips</li><li>Reader Branding Channel for branding validated and cancelled on-line tickets.</li><li>Touchscreen for interacting with the terminal application.</li><li>Playslip Output Bin where the playslip is returned after it is read.</li><li>Scanner for reading barcodes.</li></ul>]]></text>
	<image><![CDATA[<font size="90"><img src='Data/GT1200_Terminal.jpg' /></font>]]></image>
</gt1200>