<?xml version="1.0" encoding="utf-8"?>
<homescreen>

	

	
		<main>
			<title>The Home Screen</title>
				<button name="btn_1"><![CDATA[<b>Desligar</b>]]></button>
				<button name="btn_2"><![CDATA[<b>Lotaria Nacional</b>]]></button>
				<button name="btn_3"><![CDATA[<b>Pagamentos de Prémios</b>]]></button>
				<button name="btn_4"><![CDATA[<b>Anulacao de Apostas</b>]]></button>
				<button name="btn_5"><![CDATA[<b>Lotaria Instantânea</b>]]></button>
				<button name="btn_6"><![CDATA[<b>Funções Especials</b>]]></button>
				<button name="btn_7"><![CDATA[<b>Jogos</b>]]></button>
				<button name="btn_8"><![CDATA[<b>Reimpressao</b>]]></button>
				<button name="btn_9"><![CDATA[<b>Browser</b>]]></button>
				<button name="btn_10"><![CDATA[<b>Relatórios</b>]]></button>
				<button name="btn_11"><![CDATA[<b>Email</b>]]></button>
				<button name="btn_12"><![CDATA[<b>Chaves e Resultados</b>]]></button>
				<button name="btn_13"><![CDATA[<b>Help</b>]]></button>
				
			<image><![CDATA[<font size="20"><img src='Data/placeholder.jpg' height='100px'/></font>]]></image>
			<text name="text_1"><![CDATA[This is a test section.  More content to follow.]]></text>

		</main>
<!-------------------------------------------------------------------------------------------------------------option-->		
		<option>
		<title><![CDATA[Desligar]]></title>
		<text name="text_2"><![CDATA[The Sign Off button is used to sign-off of the terminal. Signing off is easy:

1.	Touch Sign Desligar.
2.	The Sign Off confirmation screen displays.
3.	Touch Sim to confirm you want to sign off.
4.	The Sign On screen displays.
5.	To Sign On, touch Ligar and enter your 7-digit retailer number and your 4-digit passcode.
6.	Touch OK. 
]]></text>
		<image><![CDATA[<font size="20"><img src='Data/hs_option1.jpg' height='100px'/></font>]]></image>
		</option>
<!-------------------------------------------------------------------------------------------------------------option-->		
		<!--has child menu--><option>
		<button name="btn_1"><![CDATA[]]></button>
		<button name="btn_2"><![CDATA[]]></button>
		<button name="btn_3"><![CDATA[]]></button>
		<button name="btn_4"><![CDATA[]]></button>
		
		<title><![CDATA[]]></title>
		<text name="text_3"><![CDATA[This is a test section.  More content to follow.]]></text>
		<image><![CDATA[<font size="20"><img src='Data/placeholder.jpg' height='100px'/></font>]]></image>
		</option>
<!-------------------------------------------------------------------------------------------------------------option-->		
		<option>
		<title><![CDATA[Pagamento de Premios]]></title>
		<text name="text_4"><![CDATA[Validation is the process of checking tickets to see if they are winners. Tickets are valid for 90 days after the draw.

Online tickets are validated using the terminal reader. Instant Tickets and Prepaid tickets are validated using the barcode scanner.

Return to the Main Menu and select Pagamento de Premios to learn about validations in detail.
]]></text>
		<image><![CDATA[<font size="20"><img src='Data/hs_option2.jpg' height='100px'/></font>]]></image>
		</option>
<!-------------------------------------------------------------------------------------------------------------option-->		
		<option>
		<title><![CDATA[Anulacao de Apostas]]></title>
		<text name="text_5"><![CDATA[Cancellation is the process of cancelling on-line tickets for games that can be cancelled. Instant Tickets and Preprinted tickets cannot be cancelled. Online tickets must be cancelled from the same terminal that sold it and prior to the draw.

Return to the Main Menu and select Anulacao de Apostas to learn about cancellations in detail.
]]></text>
		<image><![CDATA[<font size="20"><img src='Data/hs_option3.jpg' height='100px'/></font>]]></image>
		</option>
<!-------------------------------------------------------------------------------------------------------------option-->		
		<!--has child menu--><option>
		<button name="btn_1"><![CDATA[]]></button>
		<button name="btn_2"><![CDATA[]]></button>
		<button name="btn_3"><![CDATA[]]></button>
		<button name="btn_4"><![CDATA[]]></button>
		<title><![CDATA[]]></title>
		<text name="text_6"><![CDATA[This is a test section.  More content to follow.]]></text>
		<image><![CDATA[<font size="20"><img src='Data/placeholder.jpg' height='100px'/></font>]]></image>
		</option>
<!-------------------------------------------------------------------------------------------------------------option-->		
		<option>
		<title><![CDATA[Funções Especiais]]></title>
		<text name="text_7"><![CDATA[Funções Especiais provides access to various terminal functions, including:

 Versão dos Programas to view the version of software loaded on your terminal. Touch Versão dos Programas and the current version of software and firmware on your terminal displays. If desired, you can print this screen.

Teste da Impressora to perform a printer test. Touch Teste da Impressora and a test ticket prints. Verify the print on the ticket is clear and complete.

Email do Gerente to view messages from the manager. Touch Email do Gente and enter the password to view email. If desired, you can print the messages. 

Mensagens to view and print messages from SCML. Touch Mensagen and messages from SCML display. Touch Ler and to read a message, Apagar to delete a message, and Imprimir to print.

Reiniciar to reinitialize your terminal. Touch Reiniciar and touch OK to reinitialize your terminal.

Jogos Santa Casa is used by your sales representative to manage your instant ticket inventory.
]]></text>
		<image><![CDATA[<font size="20"><img src='Data/hs_option4.jpg' height='100px'/></font>]]></image>
		</option>
<!-------------------------------------------------------------------------------------------------------------option-->		
		<option>
		<title><![CDATA[Jogos]]></title>
		<text name="text_8"><![CDATA[The Home Screen provides access to all SCML games for placing wagers manually. Wagers can be placed using playslips or by selecting one of the game buttons on the Home Screen and manually entering the player’s selections.

Return to the Main Menu and select Games to learn more about each online game.
]]></text>
		<image><![CDATA[<font size="20"><img src='Data/hs_option_games.jpg' height='100px'/></font>]]></image>
		</option>
<!-------------------------------------------------------------------------------------------------------------option-->


		<option>
		<title><![CDATA[Reimpressao]]></title>
		<text name="text_9"><![CDATA[The Reimprssao function allows you to choose to reprint your Last Transaction, Last Wager, Last Online Validation, or Last Instant Order.

Return to the Main Menu and select Reimressao to learn more about this function.
]]></text>
		<image><![CDATA[<font size="20"><img src='Data/hs_option5.jpg' height='100px'/></font>]]></image>
		</option>	
<!-------------------------------------------------------------------------------------------------------------option-->

		<option>
		<title><![CDATA[Browser]]></title>
		<text name="text_10"><![CDATA[Touch the Browser icon to view the SCML website to review game results and other information.]]></text>
		<image><![CDATA[<font size="20"><img src='Data/hs_option_browser.jpg' height='100px'/></font>]]></image>
		</option>
<!-------------------------------------------------------------------------------------------------------------option-->

		
		<option>
		<title><![CDATA[Relatórios]]></title>
		<text name="text_11"><![CDATA[Resumo de Caixa – To access invoice summary reports for Today, a selected day of the week, or the week to date.

Elenco Totobola – To access reports that detail the matches for Normal, Extra Quinta and Extra Domingo.

Lotaria Instantânea Loja – To access instant ticket inventory reports for the store.

Lotaria Instantânea Terminal – To access instant ticket inventory reports for the terminal.

Financeiros – Used by Mangers to access financial sales reports for your retailer location.

Return to the Main Menu and choose Relatórios to find out more details about each of these reports.
]]></text>
		<image><![CDATA[<font size="20"><img src='Data/hs_option6.jpg' height='100px'/></font>]]></image>
		</option>
<!-------------------------------------------------------------------------------------------------------------option-->	
		
		<option>
		<title><![CDATA[Email]]></title>
		<text name="text_12"><![CDATA[Touch the eMail icon to view eMails from and send eMails to SCML. ]]></text>
		<image><![CDATA[<font size="20"><img src='Data/hs_option_email.jpg' height='100px'/></font>]]></image>
		</option>
		
		
<!-------------------------------------------------------------------------------------------------------------option-->	
		<option>
		<title><![CDATA[Chaves e Resultados]]></title>
		<text name="text_13"><![CDATA[Chaves e Resultados provides game results for selected game for a day you choose. 

1.	Touch Chaves e Resultados.
2.	Select the game you want to view results for.
3.	Touch Confirmar for the current draw or enter a date in the field provided and touch Confirmar.
4.	The report displays on the screen. 
5.	Touch Imprimir to print the report OR touch OK to return to the Home Screen.
]]></text>
		<image><![CDATA[<font size="20"><img src='Data/hs_option7.jpg' height='100px'/></font>]]></image>
		</option>

<!-------------------------------------------------------------------------------------------------------------option-->		
		<option>
		<title><![CDATA[Help]]></title>
		<text name="text_14"><![CDATA[Touch the Help button to view help topics about terminal screens while you are in the application.
 
The Help button in the top right corner of the screen displays a submenu of help options.

The General Help button provides you with a submenu of common terminal functions that you select from to learn more.

The Content Sensitive Help provides you with help specific to a function you choose. For example, touching Context Sensitive Help followed by Desligar will give you help specific to Signing off of the terminal. 

The Video Help provides you with a submenu where you can choose to view short video instructions about the terminal.
]]></text>
		<image><![CDATA[<font size="20"><img src='Data/hs_option_help.jpg' height='100px'/></font>]]></image>
		</option>












		


	
</homescreen>

