<?xml version="1.0" encoding="utf-8"?>
<homescreen>

	

	
		<main>

			<title>THE HOME SCREEN</title>

				<button name="btn_1"><![CDATA[<b>Desligar</b>]]></button>
				<button name="btn_2"><![CDATA[<b>Lotaria Nacional</b>]]></button>
				<button name="btn_3"><![CDATA[<b>Pagamentos de Prémios</b>]]></button>
				<button name="btn_4"><![CDATA[<b>Anulacao de Apostas</b>]]></button>
				<button name="btn_5"><![CDATA[<b>Lotaria Instantânea</b>]]></button>
				<button name="btn_6"><![CDATA[<b>Funções Especials</b>]]></button>
				<button name="btn_7"><![CDATA[<b>Jogos</b>]]></button>
				<button name="btn_8"><![CDATA[<b>Reimpressao</b>]]></button>
				<button name="btn_9"><![CDATA[<b>Browser</b>]]></button>
				<button name="btn_10"><![CDATA[<b>Relatórios</b>]]></button>
				<button name="btn_11"><![CDATA[<b>Email</b>]]></button>
				<button name="btn_12"><![CDATA[<b>Chaves e Resultados</b>]]></button>
				<button name="btn_13"><![CDATA[<b>Help</b>]]></button>
				
			<image><![CDATA[<font size="20"><img src='Data/placeholder.jpg' height='100px'/></font>]]></image>
			<text name="text_1"><![CDATA[This is a test section.  More content to follow.]]></text>

		</main>
<!-------------------------------------------------------------------------------------------------------------option-->		
		<option>

		<title><![CDATA[DESLIGAR]]></title>
		<text name="text_2"><![CDATA[The Sign Off button is used to sign-off of the terminal. Signing off is easy:
1.	Touch Sign Desligar.
2.	The Sign Off confirmation screen displays.
3.	Touch Sim to confirm you want to sign off.
4.	The Sign On screen displays.
5.	To Sign On, touch Ligar and enter your 7-digit retailer number and your 4-digit passcode.
6.	Touch OK. 
]]></text>
		<image><![CDATA[<font size="20"><img src='Data/hs_option1.jpg' height='100px'/></font>]]></image>
		</option>
<!-------------------------------------------------------------------------------------------------------------option-->		

		<!--has child menu-->
		<option>
		<title><![CDATA[Lotaria Nacional]]></title>
		<button name="btn_1"><![CDATA[Lotaria Classica]]></button>
		<button name="btn_2"><![CDATA[Lotaria Popular]]></button>

		<text name="text_3"><![CDATA[This is a test section.  More content to follow.]]></text>
		<image><![CDATA[<font size="20"><img src='Data/national.jpg' height='100px'/></font>]]></image>
		
			<suboption>
			<title><![CDATA[Lotaria Classica]]></title>
		<text name="text_66"><![CDATA[Touch Lotaria Classica to view a submenu of options to manage Lotaria Classica from your terminal.<br>Select an option below to learn more:
]]></text>
		<image><![CDATA[<font size="20"><img src='Data/classica3.jpg' height='100px'/></font>]]></image>				
		<button name="btn_1"><![CDATA[Devolução de Bilhete Interio]]></button>
		<button name="btn_2"><![CDATA[O meu Número favorite]]></button>
		<button name="btn_3"><![CDATA[Devolucão de Frações]]></button>
			
			<subpage>
			<title><![CDATA[Devolução de Bilhete Interio]]></title>
			<image><![CDATA[<font size="20"><img src='Data/homescreen1.jpg' height='100px'/></font>]]></image>
			<text><![CDATA[Devolução de Bilhete Interio is used to process the return of a full Lotaria Classica pre-printed ticket.
1.	Touch Lotaria Nacional.
2.	Touch Lotaria Classica.
3.	Touch Devolução de Bilhete Interio.
4.	Scan the barcode on the ticket.
5.	Touch Confirmar.
6.	A confirmation screen displays and a receipt prints.
7.	Touch OK.
8.	Repeat to return another ticket or Cancelar to return to the Home Screen.
]]></text>
			</subpage>
			
			<subpage>
			<title><![CDATA[O meu Número favorite]]></title>
			<image><![CDATA[<font size="20"><img src='Data/homescreen2.jpg' height='100px'/></font>]]></image>
			<text><![CDATA[O meu Número favorite is used to enter a favorite number.
1.	Touch Lotaria Nacional.
2.	Touch Lotaria Classica.
3.	Touch O Meu Número Favorito.
4.	Enter 5 favorite numbers using the number keypard and touch Imprimir.
5.	A receipt prints.
The ticket clearly states that it is not a game ticket and that the selected numbers may not be available.
]]></text>
			</subpage>
			
			<subpage>
			<title><![CDATA[Devolucão de Frações]]></title>
			<image><![CDATA[<font size="20"><img src='Data/homescreen3.jpg' height='100px'/></font>]]></image>
			<text><![CDATA[Devolucão de Frações is used to process the return of a Lotaria Classica ticket fraction.
1.	Touch Lotaria Nacional.
2.	Touch Lotaria Classica.
3.	Touch Devolução de Frações.
4.	Scan the barcode on the ticket.
5.	Touch Confirmar.
6.	A confirmation screen displays and a receipt prints.
7.	Touch OK.
8.	Repeat to return another ticket or Cancelar to return to the Home Screen.
]]></text>
			</subpage>
			</suboption>
			
<!-- SUBOPTION 2-->			
			<suboption>
			<title><![CDATA[Lotaria Popular]]></title>
		<text name="text_67"><![CDATA[Touch Lotaria Popular to view a submenu of options to manage Lotaria Popular from your terminal.
Select an option below to learn more:
]]></text>
		<image><![CDATA[<font size="20"><img src='Data/popular3.jpg' height='100px'/></font>]]></image>
		<button name="btn_1"><![CDATA[Devolução de Bilhete Interio]]></button>
		<button name="btn_2"><![CDATA[O meu Número favorite]]></button>
		<button name="btn_3"><![CDATA[Devolucão de Frações]]></button>	
		<button name="btn_3"><![CDATA[Devolucão de ½ Bilhete]]></button>	
			<subpage>
			<title><![CDATA[Devolução de Bilhete Interio]]></title>
			<image><![CDATA[<font size="20"><img src='Data/instants1.jpg' height='100px'/></font>]]></image>
			<text><![CDATA[Devolução de Bilhete Interio is used to process the return of a full Lotaria Popular pre-printed ticket.

1.	Touch Lotaria Nacional.
2.	Touch Lotaria Popular.
3.	Touch Devolução de Bilhete Interio.
4.	Scan the barcode on the ticket.
5.	Touch Confirmar.
6.	A confirmation screen displays and a receipt prints.
7.	Touch OK.
8.	Repeat to return another ticket or Cancelar to return to the Home Screen.
]]></text>
			</subpage>
			
			<subpage>
			<title><![CDATA[O meu Número favorite]]></title>
			<image><![CDATA[<font size="20"><img src='Data/instants3.jpg' height='100px'/></font>]]></image>
			<text><![CDATA[O meu Número favorite is used to enter a favorite number.

1.	Touch Lotaria Nacional.
2.	Touch Lotaria Popular.
3.	Touch O Meu Número Favorito.
4.	Enter 5 favorite numbers using the number keypard and touch Imprimir.
5.	A receipt prints.

The ticket clearly states that it is not a game ticket and that the selected numbers may not be available.
]]></text>
			</subpage>
			
			<subpage>
			<title><![CDATA[Devolucão de Frações]]></title>
			<image><![CDATA[<font size="20"><img src='Data/instants2.jpg' height='100px'/></font>]]></image>
			<text><![CDATA[Devolucão de Frações is used to process the return of a Lotaria Popular fraction.

1.	Touch Lotaria Nacional.
2.	Touch Lotaria Popular.
3.	Touch Devolução de Frações.
4.	Scan the barcode on the ticket.
5.	Touch Confirmar.
6.	A confirmation screen displays and a receipt prints.
7.	Touch OK.
8.	Repeat to return another ticket or Cancelar to return to the Home Screen.

]]></text>
			</subpage>
			
			<subpage>
			<title><![CDATA[Devolucão de ½ Bilhete]]></title>
			<image><![CDATA[<font size="20"><img src='Data/instants4.jpg' height='100px'/></font>]]></image>
			<text><![CDATA[Devolucão de Frações is used to process the return of a half of a ticket.

1.	Touch Lotaria Nacional.
2.	Touch Lotaria Popular.
3.	Touch Devolução de ½ Bilhete.
4.	Scan the barcode on the ticket.
5.	Touch Confirmar.
6.	A confirmation screen displays and a receipt prints.
7.	Touch OK.
8.	Repeat to return another ticket or Cancelar to return to the Home Screen.
]]></text>
			</subpage>
		
			</suboption>
		
		
		</option>
<!-------------------------------------------------------------------------------------------------------------option-->		
		<option>
		<title><![CDATA[PAGAMENTO DE PREMIOS]]></title>
		<text name="text_4"><![CDATA[Validation is the process of checking tickets to see if they are winners. Tickets are valid for 90 days after the draw.
Online tickets are validated using the terminal reader. Instant Tickets and Prepaid tickets are validated using the barcode scanner.
Return to the Main Menu and select Pagamento de Premios to learn about validations in detail.
]]></text>
		<image><![CDATA[<font size="20"><img src='Data/hs_option2.jpg' height='100px'/></font>]]></image>
		</option>
<!-------------------------------------------------------------------------------------------------------------option-->		
		<option>
		<title><![CDATA[ANULAÇÃO DE APOSTAS]]></title>
		<text name="text_5"><![CDATA[Cancellation is the process of cancelling on-line tickets for games that can be cancelled. Instant Tickets and Preprinted tickets cannot be cancelled. Online tickets must be cancelled from the same terminal that sold it and prior to the draw.
Return to the Main Menu and select Anulacao de Apostas to learn about cancellations in detail.
]]></text>
		<image><![CDATA[<font size="20"><img src='Data/hs_option3.jpg' height='100px'/></font>]]></image>
		</option>
<!-------------------------------------------------------------------------------------------------------------option-->		
		<!--has child menu-->
		<option>
		<button name="btn_1"><![CDATA[Encomendar]]></button>
		<button name="btn_2"><![CDATA[Rececionar Ativar]]></button>
		<button name="btn_3"><![CDATA[Activar Caixa de Jogo]]></button>
		<button name="btn_4"><![CDATA[Ativar Maço]]></button>
		<title><![CDATA[LOTARIA INSTANTÂNEA]]></title>
		<text name="text_6"><![CDATA[]]></text>
		<image><![CDATA[<font size="20"><img src='Data/instantanea1.jpg' height='100px'/></font>]]></image>
		
		<subpage>
		<title><![CDATA[Encomendar]]></title>
		<text><![CDATA[Encomendar is used to order books of instant tickets.
1.	Touch Lotaria Instantânea.
2.	Touch Encomendar.
3.	Select a Game to order from the list on the screen. Use the Up and Down arrows to view additional games.
4.	Touch Quantidade and use the number keypad to enter the quantity to order.
5.	The total due for the order displays.
6.	Touch Atualizar to add the items to the order.
7.	Repeat to order additional games as needed.
8.	Touch Confirmar to complete the order.
Touch Confirmar again to confirm the order and then touch OK.
Your order has been submitted.
]]></text>
		<image><![CDATA[<font size="20"><img src='Data/ins1.jpg' height='100px'/></font>]]></image>
		</subpage>
		
		
		<subpage>
		<title><![CDATA[Rececionar Ativar]]></title>
		<text><![CDATA[Rececionar Ativar is used to confirm the receipt of an order of instant tickets and activate them.
1.	Touch Lotaria Instântanea.
2.	Touch Rececionar Ativar.
3.	Scan the barcode on the packing list or enter the number manually using the number keypad.
4.	Touch Aceitar.
5.	Touch Imprimir to print a copy of the message for your records or touch OK to continue.
]]></text>
		<image><![CDATA[<font size="20"><img src='Data/ins2.jpg' height='100px'/></font>]]></image>
		</subpage>
		
		
		<subpage>
		<title><![CDATA[Activar Caixa de Jogo]]></title>
		<text><![CDATA[Activar Caixa de Jogo is used to activate a box of instant tickets.
1.	Touch Lotaria Instântanea.
2.	Touch Ativar Caixa de Jogo.
3.	Scan a the barcode from a ticket from the box or enter the serial number manually using the number keypd.
4.	Touch Aceitar.
5.	Touch Alterar to edit or Aceitar.
6.	Touch Imprimir to print a copy of the message for your records or touch OK to continue.
]]></text>
		<image><![CDATA[<font size="20"><img src='Data/ins3.jpg' height='100px'/></font>]]></image>		
		</subpage>
		
		
		<subpage>
		<title><![CDATA[Ativar Maço]]></title>
		<text><![CDATA[Ativar Maco is used to activate books of instant tickets that were previously confirmed using your old terminal.
1.	Touch Lotaria Instântanea.
2.	Touch Ativar Maço.
3.	Scan a ticket from book or enter the number manually using the number keypd.
4.	Touch Aceitar.
5.	Touch Alterar to edit or Aceitar.
6.	Touch Imprimir to print a copy of the message for your records or touch OK to continue.
]]></text>
		<image><![CDATA[<font size="20"><img src='Data/ins4.jpg' height='100px'/></font>]]></image>		
		</subpage>
		

		
		</option>
<!-------------------------------------------------------------------------------------------------------------option-->		
		<option>
		<title><![CDATA[FUNÇÕES ESPECIAIS]]></title>
		<text name="text_7"><![CDATA[Funções Especiais provides access to various terminal functions, including:
 Versão dos Programas to view the version of software loaded on your terminal. Touch Versão dos Programas and the current version of software and firmware on your terminal displays. If desired, you can print this screen.
Teste da Impressora to perform a printer test. Touch Teste da Impressora and a test ticket prints. Verify the print on the ticket is clear and complete.
Email do Gerente to view messages from the manager. Touch Email do Gente and enter the password to view email. If desired, you can print the messages. 
Mensagens to view and print messages from SCML. Touch Mensagen and messages from SCML display. Touch Ler and to read a message, Apagar to delete a message, and Imprimir to print.
Reiniciar to reinitialize your terminal. Touch Reiniciar and touch OK to reinitialize your terminal.
Jogos Santa Casa is used by your sales representative to manage your instant ticket inventory.
]]></text>
		<image><![CDATA[<font size="20"><img src='Data/hs_option4.jpg' height='100px'/></font>]]></image>
		</option>
<!-------------------------------------------------------------------------------------------------------------option-->		
		<option>
		<title><![CDATA[JOGOS]]></title>
		<text name="text_8"><![CDATA[The Home Screen provides access to all SCML games for placing wagers manually. Wagers can be placed using playslips or by selecting one of the game buttons on the Home Screen and manually entering the player’s selections.
Return to the Main Menu and select Games to learn more about each online game.
]]></text>
		<image><![CDATA[<font size="20"><img src='Data/hs_option_games.jpg' height='100px'/></font>]]></image>
		</option>
<!-------------------------------------------------------------------------------------------------------------option-->


		<option>
		<title><![CDATA[REIMPRESSÃO]]></title>
		<text name="text_9"><![CDATA[The Reimpressão function allows you to choose to reprint your Last Transaction, Last Wager, Last Online Validation, or Last Instant Order.
Return to the Main Menu and select Reimpressão to learn more about this function.
]]></text>
		<image><![CDATA[<font size="20"><img src='Data/hs_option5.jpg' height='100px'/></font>]]></image>
		</option>	
<!-------------------------------------------------------------------------------------------------------------option-->

		<option>
		<title><![CDATA[BROWSER]]></title>
		<text name="text_10"><![CDATA[Touch the Browser icon to view the SCML website to review game results and other information.]]></text>
		<image><![CDATA[<font size="20"><img src='Data/hs_option_browser.jpg' height='100px'/></font>]]></image>
		</option>
<!-------------------------------------------------------------------------------------------------------------option-->

		
		<option>
		<title><![CDATA[RELATÓRIOS]]></title>
		<text name="text_11"><![CDATA[Resumo de Caixa – To access invoice summary reports for Today, a selected day of the week, or the week to date.
Elenco Totobola – To access reports that detail the matches for Normal, Extra Quinta and Extra Domingo.
Lotaria Instantânea Loja – To access instant ticket inventory reports for the store.
Lotaria Instantânea Terminal – To access instant ticket inventory reports for the terminal.
Financeiros – Used by Mangers to access financial sales reports for your retailer location.
Return to the Main Menu and choose Relatórios to find out more details about each of these reports.
]]></text>
		<image><![CDATA[<font size="20"><img src='Data/hs_option6.jpg' height='100px'/></font>]]></image>
		</option>
<!-------------------------------------------------------------------------------------------------------------option-->	
		
		<option>
		<title><![CDATA[EMAIL]]></title>
		<text name="text_12"><![CDATA[Touch the eMail icon to view eMails from and send eMails to SCML. ]]></text>
		<image><![CDATA[<font size="20"><img src='Data/hs_option_email.jpg' height='100px'/></font>]]></image>
		</option>
		
		
<!-------------------------------------------------------------------------------------------------------------option-->	
		<option>
		<title><![CDATA[CHAVES E RESULTADOS]]></title>
		<text name="text_13"><![CDATA[Chaves e Resultados provides game results for selected game for a day you choose. 
1.	Touch Chaves e Resultados.
2.	Select the game you want to view results for.
3.	Touch Confirmar for the current draw or enter a date in the field provided and touch Confirmar.
4.	The report displays on the screen. 
5.	Touch Imprimir to print the report OR touch OK to return to the Home Screen.
]]></text>
		<image><![CDATA[<font size="20"><img src='Data/hs_option7.jpg' height='100px'/></font>]]></image>
		</option>

<!-------------------------------------------------------------------------------------------------------------option-->		
		<option>

		<title><![CDATA[HELP]]></title>
		<text name="text_14"><![CDATA[Touch the Help button to view help topics about terminal screens while you are in the application.
The Help button in the top right corner of the screen displays a submenu of help options.
The General Help button provides you with a submenu of common terminal functions that you select from to learn more.
The Content Sensitive Help provides you with help specific to a function you choose. For example, touching Context Sensitive Help followed by Desligar will give you help specific to Signing off of the terminal. 
The Video Help provides you with a submenu where you can choose to view short video instructions about the terminal.
]]></text>
		<image><![CDATA[<font size="20"><img src='Data/hs_option_help.jpg' height='100px'/></font>]]></image>
		</option>












		


	
</homescreen>

