﻿<?xml version="1.0" encoding="utf-8"?>
<mainscreen>
		<title>Welcome to the terminal-based learning for your GT1200 lottery terminal. Choose a topic below to start.</title>

			<button name="btn_1">Brief History</button>
			<button name="btn_2">Lottery Equipment</button>
			<button name="btn_3">Terminal Maintenance</button>
			<button name="btn_4">Home Screen</button>
			<button name="btn_5">Reprints</button>
			<button name="btn_6">Games</button>
			<button name="btn_7">Cancellations</button>
			<button name="btn_8">Validations</button>
			<button name="btn_9">Reports</button>
			<button name="btn_10">Best Practices</button>
			<button name="btn_11">Responsible Gaming</button>
			<button name="btn_12">Legislation</button>

</mainscreen>



