<?xml version="1.0" encoding="utf-8"?>
<lotteryscreen>
			<main>
			<title><![CDATA[O seu equipamento de jogo inclui o terminal GT1200, uma impressora Accutherm Ultra e um écran de LCD.  Escolha o equipamento sobre o qual pretende saber mais informações.]]></title>
			
				<image><![CDATA[<font size="90"><img src='Data/GT1200_Terminal.jpg' /></font>]]></image>
				
				<button name="btn_1">GT1200</button>	
				<button name="btn_2">Accutherm Ultra</button>
				<button name="btn_3">Customer Display Unit</button>
			</main>
					
			<gt1200>
				<title><![CDATA[GT1200]]></title>
				
				<text name="text_1"><![CDATA[O terminal GT1200 aqui apresentado inclui diversos componentes, incluindo:<br>•	Leitor para leitura de boletins de jogo;<br>• Canal de Leitura de Marca para marcar bilhetes online validados e anulados;<br>• Écran táctil para interacção com a aplicação do terminal;<br>• Compartimento de saída de boletins de jogo, onde regressa o boletim de jogo após ser lido;<br>• Scanner para leitura de códigos de barras.]]></text>
			
				<image><![CDATA[<font size="90"><img src='Data/GT1200_Terminal.jpg' /></font>]]></image>
				
			</gt1200>
			
			<accutherm>
			
			<title><![CDATA[The Accutherm Ultra Printer shown here is used for printing on-line tickets, receipts, and reports. Choose a topic below to learn more.]]></title>
			<image><![CDATA[<font size="90"><img src='Data/ultra_change_paper_1.jpg' /></font>]]></image>
			
				<button name="btn_1">Changing Paper</button>
				<button name="btn_2">Clearing Jams</button>
				
					<changing>
						<title>CHANGING PAPER</title>
						<text name="text_1"><![CDATA[Changing paper is easy!<br><br>First, press the silver button on the printer cover and pull up on the sides of the cover to open.<br>Next, remove the used roll of paper.<br>Now, detach the piece of tape that holds the end of the paper to the roll.<br>Place the paper roll into the printer so that the paper feeds from the bottom towards you.<br>Make sure the paper comes over the roller.  Because this is a new roll, leave 31-46 cm. hanging out and close the cover firmly.<br>The printer automatically advances and cuts the paper.]]></text>

						<image><![CDATA[<font size="90"><img src='Data/changingPaper.swf' /></font>]]></image>
					
					</changing>
				
				<clearing>
				<title>CLEARING JAMS</title>
				<image><![CDATA[<font size="20"><img src='Data/ultra_change_paper_1.jpg' height='100px'/></font>]]></image>
				
				<text name="text_1"><![CDATA[A paper jam is a rare occurrence, but if it happens, your terminal screen will display the message PRINTER PAPER JAM. To clear the jam:<br>Open the printer cover and leave the roll in place.<br>Next, carefully pull out the paper to clear the jam, doing your best not to tear the paper.<br>Now, close the printer cover.
The paper will advance and cut automatically and resume normal operation.
]]></text>
				
				</clearing>
				
			</accutherm>
			
			<cdu>
				<title>CUSTOMER DISPLAY UNIT</title>
				<image><![CDATA[<font size="20"><img src='Data/CDU_small.jpg' height='100px'/></font>]]></image>
				<text name="text_1"><![CDATA[The Customer Display unit is used to display promotional information and transaction information to players.
]]></text>				
			</cdu>
					
					


</lotteryscreen>