﻿<?xml version="1.0" encoding="utf-8"?>
<mainscreen>
		<title><![CDATA[Bem-vindo à formação sobre o terminal de jogos GT1200. Para iniciar, escolha um dos seguintes tópicos.]]></title>


			<button name="btn_1"><![CDATA[Equipamento de jogo]]></button>
			<button name="btn_2"><![CDATA[Cuidados regulares com os equipamentos]]></button>
			<button name="btn_3"><![CDATA[Ecrã principal do      terminal]]></button>
			<button name="btn_4"><![CDATA[Reimpressões]]></button>
			<button name="btn_5"><![CDATA[Jogos]]></button>
			<button name="btn_6"><![CDATA[Anulações]]></button>
			<button name="btn_7"><![CDATA[Pagamento de prémios]]></button>
			<button name="btn_8"><![CDATA[Relatórios]]></button>


</mainscreen>



