<?xml version="1.0" encoding="utf-8"?>
<maintenancescreen>

		<main>
			<title>Cleaning your lottery terminal is important to keep it functioning properly and your location selling tickets.</title>
			
			<image><![CDATA[<font size="20"><img src='Data/GT1200_Terminal.jpg' height='100px'/></font>]]></image>
			<text name="text_1"><![CDATA[ ]]></text>
			
				<button name="btn_1">Equipment Exterior</button>
				<button name="btn_2">Reader</button>
				<button name="btn_3">Printer</button>
				
		</main>
		
		<exterior>
			<title>EQUIPMENT EXTERIOR</title>
			
			<image><![CDATA[<font size="20"><img src='Data/GT1200_Terminal.jpg' height='100px'/></font>]]></image>
			<text name="text_1"><![CDATA[To clean the exterior of the terminal, printer and CDU, spray a soft lint-free cloth lightly with a cleaning solution that is ammonia and vinegar-free.<br><br>Gently wipe down the equipment.<br><br>Warning! Never spray cleaning solution directly onto any of the equipment.
]]></text>
		</exterior>
		
		<reader>
			<title>READER</title>
			
			<image><![CDATA[<font size="20"><img src='Data/reader.swf' height='100px'/></font>]]></image>

			<text name="text_1"><![CDATA[<br>To clean the inside of the reader, pay close attention to the glass lens located behind the touch screen.<br>This is the area the reads the playslips and should be kept free of dust and debris.]]></text><!--NEXT Button-->
			<text name="text_2"><![CDATA[<br>To clear a jam in the reader:
Open the Reader door by pressing on the silver release button and pulling the touchscreen forward.<br>Press the green button that looks like an arrow and open the second door the same way.<br>Gently clear away any debris and close the reader door firmly.]]></text>
		</reader>
		
		<printer>
			<title>PRINTER</title>
			
			<image><![CDATA[<font size="20"><img src='Data/printer.swf' height='100px'/></font>]]></image>
			<text name="text_1"><![CDATA[
To clean the printer, it is recommended that you use 91% isopropyl alcohol wipes.  Due to the high gloss on the paper, residue can be left behind on the print head.  Over time, this build up can affect print quality, possibly causing issues such as streaks on the tickets.]]></text>
		</printer>

	
</maintenancescreen>

