<?xml version="1.0" encoding="utf-8"?>
<reports>

	

	
		<main>
			<title><![CDATA[RELATÓRIOS]]></title>
			
			<image><![CDATA[<font size="20"><img src='Data/reports_img1.jpg' height='100px'/></font>]]></image>
			<text name="text_1"><![CDATA[Touch Relatórios to display a menu of validation functions.]]></text>
				
				<button name="btn_1"><![CDATA[Resumo de Caixa]]></button>
				<button name="btn_2"><![CDATA[Lotaria Instantânea Loja]]></button>
				<button name="btn_3"><![CDATA[Financeiros]]></button>
				<button name="btn_4"><![CDATA[Elenco Totobola]]></button>
				<button name="btn_5"><![CDATA[Lotaria Instantânea Terminal]]></button>
					
		</main>
		
		<one>
			<title><![CDATA[RESUMO DE CAIXA]]></title>

			<image><![CDATA[<font size="20"><img src='Data/reports_img2.jpg' height='100px'/></font>]]></image>
			<text name="text_2"><![CDATA[Resumo de Caixa accesses invoice summary reports for Today, a selected day of the week, or the week to date.
1.	Touch Relatórios.
2.	Touch Resumo de Caixa.  
3.	Select the timeframe for which you want the report.
4.	The report displays. Use the Up and Down arrows to scroll the text as needed.
5.	Touch Imprimir to print it or touch OK to return to the Home Screen.
]]></text>			
			
		
		</one>
		
		<two>
			<title><![CDATA[LOTARIA INSTANTÂNEA LOJA]]></title>

			<image><![CDATA[<font size="20"><img src='Data/reports_img3.jpg' height='100px'/></font>]]></image>
			<text name="text_3"><![CDATA[Lotaria Instantânea Loja accesses instant ticket inventory reports for the store.
1.	Touch Relatórios.
2.	Touch Lotaria Instantânea Loja.  
3.	Select the desired report option.
4.	The report displays. Use the Up and Down arrows to scroll the text as needed.
5.	Touch Imprimir to print it or touch OK to return to the Home Screen.
]]></text>			
			
		
		</two>
		
		<three><!--Has Child submenu-->
			<title><![CDATA[FINANCEIROS]]></title>

			<image><![CDATA[<font size="20"><img src='Data/reports_img4.jpg' height='100px'/></font>]]></image>
			<text name="text_4"><![CDATA[Financeiros accesses financial sales reports for your retailer location. These reports are used by mangers. Select a report to learn more.]]></text>			
				<button name="btn_1"><![CDATA[Vendas]]></button>
				<button name="btn_2"><![CDATA[Pag. Prémios]]></button>
				<button name="btn_3"><![CDATA[Remunerações]]></button>
				<button name="btn_4"><![CDATA[Resumo LN Online]]></button>
				<button name="btn_5"><![CDATA[Prestação de Contas]]></button>			
		
			<subpage>
			<title><![CDATA[Vendas]]></title>
			<text name="text_4"><![CDATA[1.	Touch Relatórios.
2.	Touch Financeiros.  
3.	Touch Vendas.
4.	Select the desired timeframe.
5.	The report displays. Use the Up and Down arrows to scroll the text as needed.
6.	Touch Imprimir to print it or touch OK to return to the Home Screen.
]]></text>
			<image><![CDATA[<font size="20"><img src='Data/subreports_img5.jpg' height='100px'/></font>]]></image>
			</subpage>
			
			<subpage>
			<title><![CDATA[Pag. Prémios]]></title>
			<text name="text_4"><![CDATA[1.	Touch Relatórios.
2.	Touch Financeiros.  
3.	Touch Pag. Prémios.
4.	Select the desired timeframe.
5.	The report displays. Use the Up and Down arrows to scroll the text as needed.
6.	Touch Imprimir to print it or touch OK to return to the Home Screen.
]]></text>
			<image><![CDATA[<font size="20"><img src='Data/subreports_img6.jpg' height='100px'/></font>]]></image>
			</subpage>
			
			<subpage>
			<title><![CDATA[Remunerações]]></title>
			<text name="text_4"><![CDATA[1.	Touch Relatórios.
2.	Touch Financeiros.  
3.	Touch Remunerações.
4.	Select the desired timeframe.
5.	The report displays. Use the Up and Down arrows to scroll the text as needed.
6.	Touch Imprimir to print it or touch OK to return to the Home Screen.
]]></text>
			<image><![CDATA[<font size="20"><img src='Data/subreports_img7.jpg' height='100px'/></font>]]></image>
			</subpage>
			
			<subpage>
			<title><![CDATA[Resumo LN Online]]></title>
			<text name="text_4"><![CDATA[1.	Touch Relatórios.
2.	Touch Financeiros.  
3.	Touch Resumo LN Online.
4.	Select the desired timeframe.
5.	The report displays. Use the Up and Down arrows to scroll the text as needed.
6.	Touch Imprimir to print it or touch OK to return to the Home Screen.
]]></text>
			<image><![CDATA[<font size="20"><img src='Data/subreports_img8.jpg' height='100px'/></font>]]></image>
			</subpage>
			
			<subpage>
			<title><![CDATA[Prestação de Contas]]></title>
			<text name="text_4"><![CDATA[1.	Touch Relatórios.
2.	Touch Financeiros.  
3.	Touch Prestação de Contas.
4.	The report displays. Use the Up and Down arrows to scroll the text as needed.
5.	Touch Imprimir to print it or touch OK to return to the Home Screen.
]]></text>
			<image><![CDATA[<font size="20"><img src='Data/reports_img9.jpg' height='100px'/></font>]]></image>
			</subpage>
			
		
		
		</three>
		
		<four>
			<title><![CDATA[ELENCO TOTOBOLA]]></title>

			<image><![CDATA[<font size="20"><img src='Data/reports_img5.jpg' height='100px'/></font>]]></image>
			<text name="text_5"><![CDATA[Elenco Totobola – To access reports that detail the matches for Normal, Extra Quinta and Extra Domingo.
1.	Touch Relatórios. 
2.	Touch Elenco Totobola.
3.	Select the desired report option: Normal, Extra Quinta, Extra Domingo.
4.	The report displays. 
5.	Touch Pag Ant or Pag Seg as needed. Touch Imprimir to print it or touch OK to return to the Home Screen.
]]></text>			
			
		
		</four>
		
		<five>
			<title><![CDATA[LOTARIA INSTANTÂNEA TERMINAL]]></title>

			<image><![CDATA[<font size="20"><img src='Data/reports_img6.jpg' height='100px'/></font>]]></image>
			<text name="text_5"><![CDATA[Lotaria Instantânea Terminal – To access instant ticket inventory reports for the terminal.
1.	Touch Relatórios. 
2.	Touch Lotaria Instantânea Terminal.
3.	The report displays. 
4.	Touch Imprimir to print it or touch OK to return to the Home Screen.
]]></text>			
			
		
		</five>
		


	
</reports>

