<?xml version="1.0" encoding="utf-8"?>
<reprints_screen>

	

	
		<main>
			<title><![CDATA[REIMPRESSÃO]]></title>
			
			<image><![CDATA[<font size="20"><img src='Data/reprints_home.jpg' height='100px'/></font>]]></image>
			<text name="text_1"><![CDATA[This is a test section.  More content to follow.]]></text>
				<button name="btn_1"><![CDATA[Última Transacao]]></button>
				<button name="btn_2"><![CDATA[Última Aposta]]></button>
				<button name="btn_3"><![CDATA[Última Pagamento]]></button>
				<button name="btn_4"><![CDATA[Última Encomendda]]></button>			
		</main>
		
		<reprint>
			<title><![CDATA[ÚLTIMA TRANSACAO]]></title>
			<image><![CDATA[<font size="20"><img src='Data/reprints1.jpg' height='100px'/></font>]]></image>
			<text name="text_1"><![CDATA[To reprint the last transaction (wager or payment) processed by your terminal:
1.	Touch Reimpressão.
2.	Touch Última Transacao.
3.	The last transaction processed by your terminal prints automatically.
]]></text>
		</reprint>
		
		<reprint>
			<title><![CDATA[ÚLTIMA APOSTA]]></title>
			<image><![CDATA[<font size="20"><img src='Data/reprints2.jpg' height='100px'/></font>]]></image>
			<text name="text_1"><![CDATA[To reprint the last bet processed by your terminal:
1.	Touch Reimpressão.
2.	Touch Última Aposta.
3.	The last bet processed by your terminal prints automatically.


]]></text>
		</reprint>
		
		<reprint>
			<title><![CDATA[ÚLTIMA PAGAMENTO]]></title>
			<image><![CDATA[<font size="20"><img src='Data/reprints3.jpg' height='100px'/></font>]]></image>
			<text name="text_1"><![CDATA[To reprint the last payment from your terminal:
1.	Touch Reimpressão.
2.	Touch Última Pagamento.
3.	The last payment processed by your terminal prints automatiacally.
]]></text>
		</reprint>
		
		<reprint>
			<title><![CDATA[ÚLTIMA ENCOMENDDA]]></title>
			<image><![CDATA[<font size="20"><img src='Data/reprints4.jpg' height='100px'/></font>]]></image>
			<text name="text_1"><![CDATA[To reprint the last Last Instant Order from your terminal.
1.	Touch Reimpressão.
2.	Touch Última Encomenda.
3.	The last Instant Order prints automatically.
]]></text>
		</reprint>

	
</reprints_screen>

