<?xml version="1.0" encoding="utf-8"?>
<validations>
		<main>
			<title><![CDATA[Pagamento de prémios]]></title>
			
			<image><![CDATA[<font size="20"><img src='Data/validations_main.jpg' height='100px'/></font>]]></image><!--Note: this is special because the image here actually contains the below text:
			<text name="text_1"><![CDATA[Touch Pagamento de Prémios to display a menu of validation functions.

1.	Touch Pagamento de Prémios.
2.	The Validation submenu displays. 
3.	Touch one of the options below to learn more.


]]></text>-->
				
				<button name="btn_1"><![CDATA[Lotaria Instantânea]]></button>
				<button name="btn_2"><![CDATA[Apostas Mutuas Euromilhoes]]></button>
				<button name="btn_3"><![CDATA[Lotaria Nacional Físca]]></button>
				<button name="btn_4"><![CDATA[Lotaria Nacional Online]]></button>
					
		</main>
		
		<validation>
			<title><![CDATA[LOTARIA INSTANTÂNEA]]></title>

			<image><![CDATA[<font size="20"><img src='Data/valid1.jpg' height='100px'/></font>]]></image>
			<text name="text_1"><![CDATA[Use to validate instant tickets. Instant tickets barcodes are read by the scanner. Instant tickets must never be inserted into the reader.
To validate an instant ticket:
1.	Touch Lotaria Instantânea.
2.	Scan the ticket barcode using the scanner or manually enter the ticket serial number using the number keypad and touch Consulatar.
3.	A validation screen displays. 
4.	Touch Imprimir to print a receipt for the player to take to another location to cash the ticket; OR, touch Pagar to pay the player for the winning ticket.
5.	A validation confirmation screen displays and a receipt prints automatically.
6.	Touch OK.
7.	Repeat the steps to validate another ticket or touch Home to return to the Home Screen.

]]></text>			
			
		
		</validation>
		
		<validation>
			<title><![CDATA[APOSTAS MUTUAS EUROMILHOES]]></title>

			<image><![CDATA[<font size="20"><img src='Data/valid2.jpg' height='100px'/></font>]]></image>
			<text name="text_1"><![CDATA[Use to validate Totoloto, Totobola and EuroMillions tickets.
1.	Touch Apostas Mutuas Euromilhoes.
2.	Scan the ticket barcode using the scanner or manually enter the ticket serial number using the number keypad and touch Consulatar.
3.	A validation screen displays. 
4.	Touch Imprimir to print a receipt for the player to take to another location to cash the ticket; OR, touch Pagar to pay the player for the winning ticket.
5.	A validation confirmation screen displays and a receipt prints automatically.
6.	Touch OK.
7.	Repeat the steps to validate another ticket or touch Home to return to the Home Screen.
 
]]></text>			
			
		
		</validation>
		
		<validation>
			<title><![CDATA[LOTARIA NACIONAL FÍSCAL]]></title>

			<image><![CDATA[<font size="20"><img src='Data/valid3.jpg' height='100px'/></font>]]></image>
			<text name="text_1"><![CDATA[Use to validate Prepaid National Lottery tickets.
1.	Touch Nacional Física.
2.	Scan the ticket barcode using the scanner.
3.	Touch Confirmar.
4.	A validation screen displays. Touch Confirmar to pay the player for the winning ticket.
5.	A validation confirmation screen displays and a receipt prints automatically.
6.	Touch OK.
7.	Repeat the steps to validate another ticket or touch Home to return to the Home Screen.
]]></text>			
			
		
		</validation>
		
		<validation>
			<title><![CDATA[LOTARIA NACIONAL ONLINE]]></title>

			<image><![CDATA[<font size="20"><img src='Data/valid4.jpg' height='100px'/></font>]]></image>
			<text name="text_1"><![CDATA[Use to validate National Lottery Online tickets.
1.	Touch Lotaria Nacional Online.
2.	Scan the ticket barcode using the scanner or manually enter the ticket serial number using the number keypad and touch Confirmar.
3.	Insert the ticket into the reader.
4.	A validation screen displays. 
5.	Touch Imprimir to print a receipt for the player to take to another location to cash the ticket; OR, touch Pagar to pay the player for the winning ticket.
6.	A validation confirmation screen displays and a receipt prints automatically.
7.	Touch OK.
8.	Repeat the steps to validate another ticket or touch Home to return to the Home Screen.

]]></text>			
			
		
		</validation>
		


	
</validations>

