<?xml version="1.0" encoding="utf-8"?>
<cancellations>

	

	
		<main>
			<title><![CDATA[CANCELLATIONS (ANULAÇÃO DE APOSTAS)]]></title>
			
			<image><![CDATA[<font size="20"><img src='Data/cancellations.jpg' height='100px'/></font>]]></image>
			<text name="text_1"><![CDATA[Uma aposta pode ser anulada até 20 minutos após o seu registo ou no limite, até ao encerramento do registo de apostas desse jogo ou do sistema.

A anulação de recibos de Totoloto e Euromilhões com indicação de “Totoloto com Joker” e “Euromilhões com Joker” deve ser precedida da anulação do recibo do Joker associado.

Inserir o recibo que se pretende anular na zona de entrada de bilhetes/recibos, encostado à direita. Se necessário, digite o número de série do recibo e repita a ação anterior. Agrupar e enviar os recibos anulados para os Jogos Santa Casa no envelope RSF – Mod. 2_2648 (envelope faixa azul), na 2ª feira seguinte à anulação.
 
]]></text>

		</main>
		

		


	
</cancellations>

