<?xml version="1.0" encoding="utf-8"?>	
<gamescreen>
<main>
			<title><![CDATA[Selecione um jogo para saber mais sobre como jogar. ]]></title>
			<image><![CDATA[<font size="20"><img src='Data/image.jpg' height='100px'/></font>]]></image>
				<heading><![CDATA[Apostas Mútuas]]></heading>
					<button name="btn_1"><![CDATA[Totoloto]]></button>
					<button name="btn_2"><![CDATA[Totobola]]></button>
					<button name="btn_3"><![CDATA[Euromilhões]]></button>
				<heading><![CDATA[Lotaria Nacional]]></heading>
					<button name="btn_4"><![CDATA[Lotaria Clássica]]></button>
					<button name="btn_5"><![CDATA[Lotaria Popular]]></button>
				<heading><![CDATA[Lotaria Instantânea]]></heading>
					<button name="btn_6"><![CDATA[Raspadinha]]></button>
</main>				
				
				<game1>
					<title><![CDATA[TOTOLOTO]]></title>
					<image><![CDATA[<font size="20"><img src='Data/totoloto.jpg' height='100px'/></font>]]></image>
					<text name="text_1"><![CDATA[O Totoloto é um jogo de jackpot de loto, em que os jogadores escolhem 5 números de 1 a 49 e um número de 1 a 13. Os sorteios ocorrem duas vezes por semana, à Quarta Feira e ao Sábado. Os jogadores ganham quando alguns ou todos os números que jogaram coincidem com os números do sorteio.<br>O Totoloto pode ser jogado utilizando um boletim de apostas, ou manualmente inserindo os números do jogador no terminal.<br><br><b>Boletim de Apostas:</b><br>O jogador entrega-lhe um boletim de apostas preenchido para o inserir no leitor do terminal. O bilhete é impresso automaticamente.
<b>Manualmente:</b><br>1.	A partir do Écran Principal, selecione Totoloto.<br>2.	Selecione <b>Simples</b> e selecione o número de grelhas de jogo para jogar (1-10).<br>3.	Selecione <b>Múltiplas</b> para selecionar uma aposta do sistema ou deixar a predefinição em Não para uma aposta simples.<br>4.	Selecione <b>Número da sorte</b> para selecionar um número de 1 a 13 ou deixe por defeito em AUT para que o número seja seleccionado automaticamente.<br>5.	Selecione <b>joker</b> para selecionar Sim ou Não para jogar a opção joker.<br>6.	Selecione <b>Quarta</b> para selecionar Sim ou Não.<br>7.	Selecione <b>Sábado</b> para seleccionar Sim ou Não.<br>8.	Selecione <b>Aposta Automática</b> para deixar que o sistema escolha aleatoriamente os números do jogador, e o bilhete é impresso. 

OR selecione <b>Aposta Manual</b> para inserir os 5 números do jogador manualmente, e selecione <b>Confirmar</b> para imprimir o bilhete.

]]></text>
				</game1>
				
				<game2>
					<title><![CDATA[TOTOBOLA]]></title>
					<image><![CDATA[<font size="20"><img src='Data/totobola.jpg' height='100px'/></font>]]></image>
					<text name="text_2"><![CDATA[O Totobola é um jogo de apostas nacional no qual os jogadores prevêem os resultados dos 13 jogos de futebol Português, escolhendo Vitória da Casa, Vitória do Visitante ou Empate. Os jogadores ganham um prémio quando prevêem correctamente 11, 12 ou 13 resultados. 
O Totobola pode ser jogado utilizando um boletim de apostas, ou manualmente inserindo os números do jogador no terminal. 
<b>Boletim de Apostas:</b><br>O jogador entrega-lhe um boletim de apostas preenchido para o inserir no leitor do terminal. O bilhete é impresso automaticamente.
<b>Manualmente:</b><br>1.	A partir do Écran Principal, selecione <b>Totobola</b>.<br>2.	Selecione <b>Simples</b> e selecione o número de grelhas de jogo para jogar (2, 4, 6, 8 ou 10).<br>3.	Selecione <b>Múltiplas</b> para selecionar uma aposta do sistema ou deixe por defeito em Não para uma aposta simples.<br>4.	Quando a opção <b>Joker</b> estiver disponível selecione Sim ou Não para jogar no Joker.<br>5.	Selecione <b>Quarta</b> para selecionar Sim ou Não.<br>6.	Selecione <b>Sábado</b> para seleccionar Sim ou Não.

OU selecione <b>Aposta Manual</b> para inserir manualmente as apostas do
 jogador, e selecione <b>Confirmar</b> para imprimir o bilhete.

]]></text>
				</game2>
				
				<game3>
					<title><![CDATA[LOTARIA CLÁSSICA]]></title>
					<image><![CDATA[<font size="20"><img src='Data/classica1.jpg' height='100px'/></font>]]></image>
					<image><![CDATA[<font size="20"><img src='Data/classica2.jpg' height='100px'/></font>]]></image>
					<text name="text_3"><![CDATA[A Lotaria Clássica é um jogo de Lotaria Nacional no qual os jogadores escolhem 1 a 5 algarismos e fracções para jogos determinados pela SCML. 

Os jogos da Lotaria Clássica são inseridos manualmente utilizando o terminal.<br>1.	A partir do Écran Principal, selecione <b>Lotaria Clássica</b>.<br>2.	Selecione uma opção de jogo e selecione <b>Confirmar</b>.

]]></text>
<!--NEXT button-->
					<text name="text_3b"><![CDATA[<br>3.  Insira 1 a 5 algarismos.<br>4.	Insira o número de frações pretendido.<br>5.	Selecione <b>Confirmar</b>.<br>6.	Surgem os números e frações disponíveis.<br>7.	Selecione <b>Nova Procura do Número</b> para procurar outro número OU<br>8.	Selecione <b>Confirmar</b> para imprimir a fração. ]]></text>
				</game3>
				
				<game4>
					<title><![CDATA[LOTARIA POPULAR]]></title>
					<image><![CDATA[<font size="20"><img src='Data/popular1.jpg' height='100px'/></font>]]></image>
					<image><![CDATA[<font size="20"><img src='Data/popular2.jpg' height='100px'/></font>]]></image>
					<text name="text_4"><![CDATA[A Lotaria Popular é um jogo de Lotaria Nacional no qual os jogadores escolhem 1 a 5 v e fracções para jogos determinados pela SCML. <br>Os jogos da Lotaria Popular são inseridos manualmente utilizando o terminal.
<br>1.	A partir do Écran Principal, selecione <b>Lotaria Popular</b>.<br>2.	Selecione uma opção de jogo e selecione <b>Confirmar</b>.]]></text>
					<!--NEXT button-->
					<text name="text_4"><![CDATA[3.	Insira 1 a 5 algarismos.<br>4.	Insira o número de frações pretendido.<br>5.	Selecione <b>Confirmar</b>.<br>6.	Surgem os números e frações disponíveis.<br>7.	Selecione <b>Nova Procura do Número</b> para procurar outro número OU<br>8.	Selecione <b>Confirmar</b> para imprimir a fração. ]]></text>
				</game4>
				
				<game5>
					<title><![CDATA[EUROMILHÕES]]></title>
					<image><![CDATA[<font size="20"><img src='Data/euromil.jpg' height='100px'/></font>]]></image>
					<text name="text_5"><![CDATA[O Euromilhões é um jogo de loto do tipo Powerball porque os números são escolhidos a partir de dois campos distintos de números. Cinco números são escolhidos de 1 a 50, e dois números são escolhidos de 1 a 11. Cada bilhete custa 2 euros. Os sorteios ocorrem duas vezes por semana, à 3ª Feira e 6ª Feira.   

<b>Boletim de Apostas:</b><br>O jogador entrega-lhe um boletim de apostas preenchido para o inserir no leitor do terminal. O bilhete é impresso automaticamente.

<b>Manualmente:</b>
<br>1.	A partir do Écran Principal, selecione <b>Euromilhões</b>.
<br>2.	Selecione <b>Simples</b> e selecione o número de grelhas de jogo para jogar (1 a 5).
<br>3.	Selecione <b>Números</b> para selecionar de 5 a 11 ou deixe por defeito em 5.
<br>4.	Selecione <b>Estrelas</b> para selecionar de 2 a 11 ou deixe por defeito em 2.
<br>5.	Selecione <b>joker</b> para selecionar Sim ou Não para jogar a opção joker.
<br>6.	Selecione <b>Terça</b> para selecionar Sim ou Não.
<br>7.	Selecione <b>Sexta</b> para seleccionar Sim ou Não.
<br>8.	Selecione <b>Aposta Automática</b> para deixar que o sistema escolha aleatoriamente os números do jogador, e o bilhete é impresso. 

OU selecione <b>Aposta Manual</b> para inserir manualmente os 5 números do jogador, de 1 a 50, e 2 números de 1 a 11, e selecione <b>Confirmar</b> para imprimir o recibo.]]></text>
				</game5>
	
		
</gamescreen>	