<?xml version="1.0" encoding="utf-8"?>
<gt1200>
	<title><![CDATA[GT1200]]></title>
	<text name="text_1"><![CDATA[O terminal GT1200 aqui apresentado inclui diversos componentes, incluindo:<br>•	Leitor para leitura de boletins de jogo;<br>•	Canal de Leitura de Marca para marcar bilhetes online validados e anulados;<br>•	Écran táctil para interacção com a aplicação do terminal;<br>•	Compartimento de saída de boletins de jogo, onde regressa o boletim de jogo após ser lido;<br>•	 Scanner para leitura de códigos de barras.   
]]></text>
	<image><![CDATA[<font size="90"><img src='Data/GT1200_Terminal.jpg' /></font>]]></image>
</gt1200>