<?xml version="1.0" encoding="utf-8"?>
<homescreen>

	

	
		<main>

			<title><![CDATA[O écran táctil dá acesso a todas as funções do seu terminal. Escolha uma função de terminal, para obter mais informações.]]></title>

				<button name="btn_1"><![CDATA[<b>Desligar</b>]]></button>
				<button name="btn_2"><![CDATA[<b>Lotaria Nacional</b>]]></button>
				<button name="btn_3"><![CDATA[<b>Pagamentos de Prémios</b>]]></button>
				<button name="btn_4"><![CDATA[<b>Anulacao de Apostas</b>]]></button>
				<button name="btn_5"><![CDATA[<b>Lotaria Instantânea</b>]]></button>
				<button name="btn_6"><![CDATA[<b>Funções Especials</b>]]></button>
				<button name="btn_7"><![CDATA[<b>Jogos</b>]]></button>
				<button name="btn_8"><![CDATA[<b>Reimpressao</b>]]></button>
				<button name="btn_9"><![CDATA[<b>Browser</b>]]></button>
				<button name="btn_10"><![CDATA[<b>Relatórios</b>]]></button>
				<button name="btn_11"><![CDATA[<b>Email</b>]]></button>
				<button name="btn_12"><![CDATA[<b>Chaves e Resultados</b>]]></button>
				<button name="btn_13"><![CDATA[<b>Help</b>]]></button>
				
			<image><![CDATA[]]></image>
			<text name="text_1"><![CDATA[]]></text>

		</main>
<!-------------------------------------------------------------------------------------------------------------option-->		
		<option>

		<title><![CDATA[DESLIGAR]]></title>
		<text name="text_2"><![CDATA[O botão “Desligar” é utilizado para encerrar o terminal. O encerramento é fácil:<br>1.	Selecione <b>Desligar</b>;<br>2.	Surge o écran de pedido de confirmação de encerramento;<br>3.	Selecione <b>Sim</b> para confirmar que pretende encerrar,<br>4.	Surge o écran de encerramento;<br>5.	Para iniciar sessão, selecione <b>Ligar</b> e digite o número de 7 dígitos do Mediador e a sua palavra-passe de 4 dígitos;<br>6.	Selecione <b>OK</b>.]]></text>
		<image><![CDATA[<font size="20"><img src='Data/hs_option1.jpg' height='100px'/></font>]]></image>
		</option>
<!-------------------------------------------------------------------------------------------------------------option-->		

		<!--has child menu-->
		<option>
		<title><![CDATA[Lotaria Nacional]]></title>
		<button name="btn_1"><![CDATA[Lotaria Clássica]]></button>
		<button name="btn_2"><![CDATA[Lotaria Popular]]></button>

		<text name="text_3"><![CDATA[]]></text>
		<image><![CDATA[<font size="20"><img src='Data/national.jpg' height='100px'/></font>]]></image>
		
			<suboption>
			<title><![CDATA[Lotaria Clássica]]></title>
		<text name="text_66"><![CDATA[Selecione <b>Lotaria Clássica</b> para visualizar um submenu de opções para gerir a Lotaria Clássica a partir do seu terminal.  Selecione uma das opções seguintes para obter mais informações:]]></text>
		<image><![CDATA[<font size="20"><img src='Data/Clássica3.jpg' height='100px'/></font>]]></image>				
		<button name="btn_1"><![CDATA[Devolução de Bilhete Interio]]></button>
		<button name="btn_2"><![CDATA[O meu Número favorite]]></button>
		<button name="btn_3"><![CDATA[Devolução de Frações]]></button>
			
			<subpage>
			<title><![CDATA[Devolução de Bilhete Interio]]></title>
			<image><![CDATA[<font size="20"><img src='Data/homescreen1.jpg' height='100px'/></font>]]></image>
			<text><![CDATA[A opção <b>Devolução de Bilhete Inteiro</b> é utilizada para processar o retorno de um bilhete inteiro pré-impresso da Lotaria Clássica.<br>1.	Selecione <b>Lotaria Nacional</b>.<br>2.	Selecione <b>Lotaria Clássica</b>.<br>3.	Selecione <b>Devolução de Bilhete Inteiro</b>.<br>4.	Passe no scanner o código de barras no bilhete.<br>5.	Selecione Confirmar.<br>6.	Surge um écran de confirmação e é impresso um recibo.<br>7.	Selecione OK.<br>8.	Repita para efectuar o retorno de outro bilhete ou Cancelar para voltar ao Écran Principal. ]]></text>
			</subpage>
			
			<subpage>
			<title><![CDATA[O meu Número favorito]]></title>
			<image><![CDATA[<font size="20"><img src='Data/homescreen2.jpg' height='100px'/></font>]]></image>
			<text><![CDATA[A opção <b>O meu Número favorito</b> é utilizada para inserir um número favorito.<br>1.	Selecione <b>Lotaria Nacional</b>.<br>2.	Selecione <b>Lotaria Clássica</b>.<br>3.	Selecione <b>O Meu Número Favorito</b>.<br>4.	Insira 5 algarismos do número favorito utilizando o teclado numérico e selecione <b>Imprimir</b>.<br>5.	É impresso um bilhete.<br><br>O bilhete refere claramente que não se trata de um bilhete de jogo e que os números selecionados podem não estar disponíveis. 


]]></text>
			</subpage>
			
			<subpage>
			<title><![CDATA[Devolução de Frações]]></title>
			<image><![CDATA[<font size="20"><img src='Data/homescreen3.jpg' height='100px'/></font>]]></image>
			<text><![CDATA[A opção <b>Devolução de Frações</b> é utilizada para processar o retorno de uma fracção de bilhete da Lotaria Clássica.<br>1.	Selecione <b>Lotaria Nacional</b>.<br>2.	Selecione <b>Lotaria Clássica</b>.<br>3.	Selecione <b>Devolução de Frações</b>.<br>4.	Passe no scanner o código de barras no bilhete.<br>5.	Selecione <b>Confirmar</b>.<br>6.	Surge um écran de confirmação e é impresso um recibo.<br>7.	Selecione <b>OK</b>.<br>8.	Repita para efectuar o retorno de outro bilhete ou <b>Cancelar</b> para voltar ao Écran Principal.]]></text>
			</subpage>
			</suboption>
			
<!-- SUBOPTION 2-->			
			<suboption>
			<title><![CDATA[Lotaria Popular]]></title>
		<text name="text_67"><![CDATA[Touch Lotaria Popular to view a submenu of options to manage Lotaria Popular from your terminal.
Select an option below to learn more:
]]></text>
		<image><![CDATA[<font size="20"><img src='Data/popular3.jpg' height='100px'/></font>]]></image>
		<button name="btn_1"><![CDATA[Devolução de Bilhete Interio]]></button>
		<button name="btn_2"><![CDATA[O meu Número favorito]]></button>
		<button name="btn_3"><![CDATA[Devolução de Frações]]></button>	
		<button name="btn_3"><![CDATA[Devolução de ½ Bilhete]]></button>	
			<subpage>
			<title><![CDATA[Devolução de Bilhete Interio]]></title>
			<image><![CDATA[<font size="20"><img src='Data/instants1.jpg' height='100px'/></font>]]></image>
			<text><![CDATA[A opção <b>Devolução de Bilhete Inteiro</b> é utilizado para processar o retorno de um bilhete inteiro pré-impresso da Lotaria Popular.<br>1.	Selecione <b>Lotaria Nacional</b>.<br>2.	Selecione <b>Lotaria Popular</b>.<br>3.	Selecione <b>Devolução de Bilhete Inteiro</b>.<br>4.	Passe no scanner o código de barras no bilhete.<br>5.	Selecione <b>Confirmar</b>.<br>6.	Surge um écran de confirmação e é impresso um recibo.<br>7.	Selecione <b>OK</b>.<br>8.	Repita para efectuar o retorno de outro bilhete ou <b>Cancelar</b> para voltar ao Écran Principal.]]></text>
			</subpage>
			
			<subpage>
			<title><![CDATA[O meu Número favorito]]></title>
			<image><![CDATA[<font size="20"><img src='Data/instants3.jpg' height='100px'/></font>]]></image>
			<text><![CDATA[A opção <b>O meu Número favorito</b> é utilizada para inserir um número favorito.<br>1.	Selecione <b>Lotaria Nacional</b>.<br>2.	Selecione <b>Lotaria Popular</b>.<br>3.	Selecione <b>O Meu Número Favorito</b>.<br>4.	Insira 5 números favoritos utilizando o teclado numérico e selecione <b>Imprimir</b>.<br>5.	É impresso um recibo.

O bilhete refere claramente que não se trata de um bilhete de jogo e que os números selecionados podem não estar disponíveis. 


]]></text>
			</subpage>
			
			<subpage>
			<title><![CDATA[Devolução de Frações]]></title>
			<image><![CDATA[<font size="20"><img src='Data/instants2.jpg' height='100px'/></font>]]></image>
			<text><![CDATA[A opção <b>Devolução de Frações</b> é utilizada para processar o retorno de uma fracção de bilhete da Lotaria Popular.<br>1.	Selecione <b>Lotaria Nacional</b>.<br>2.	Selecione <b>Lotaria Popular</b>.<br>3.	Selecione <b>Devolução de Frações</b>.<br>4.	Passe no scanner o código de barras no bilhete.<br>5.	Selecione <b>Confirmar</b>.<br>6.	Surge um écran de confirmação e é impresso um recibo.<br>7.	Selecione <b>OK</b>.<br>8.	Repita para efectuar o retorno de outro bilhete ou <b>Cancelar</b> para voltar ao Écran Principal. ]]></text>
			</subpage>
			
			<subpage>
			<title><![CDATA[Devolução de ½ Bilhete]]></title>
			<image><![CDATA[<font size="20"><img src='Data/instants4.jpg' height='100px'/></font>]]></image>
			<text><![CDATA[A opção <b>Devolução de ½ Bilhete</b> é utilizada para processar o retorno de uma fracção de bilhete da Lotaria Popular.<br>1.	Selecione <b>Lotaria Nacional</b>.<br>2.	Selecione <b><Lotaria Popular/b>.<br>3.	Selecione <b>Devolução de ½ Bilhete</b>.<br>4.	Passe no scanner o código de barras no bilhete.<br>5.	Selecione <b>Confirmar</b>.<br>6.	Surge um écran de confirmação e é impresso um recibo.<br>7.	Selecione <b>OK</b>.<br>8.	Repita para efectuar o retorno de outro bilhete ou Cancelar para voltar ao Écran Principal.]]></text>
			</subpage>
		
			</suboption>
		
		
		</option>
<!-------------------------------------------------------------------------------------------------------------option-->		
		<option>
		<title><![CDATA[PAGAMENTO DE PREMIOS]]></title>
		<text name="text_4"><![CDATA[A validação é um processo de verificação de bilhetes para aferir se existem vencedores. Os bilhetes são válidos durante 90 dias após o sorteio. <br>Volte ao Menu Principal e selecione Pagamento de Prémios, para obter informações mais detalhadas sobre validação.]]></text>
		<image><![CDATA[<font size="20"><img src='Data/hs_option2.jpg' height='100px'/></font>]]></image>
		</option>
<!-------------------------------------------------------------------------------------------------------------option-->		
		<option>
		<title><![CDATA[ANULAÇÃO DE APOSTAS]]></title>
		<text name="text_5"><![CDATA[Anulação é o processo que permite anular bilhetes on-line para os jogos que podem ser anulados. Os bilhetes de lotaria instantânea e os bilhetes pré-impressos não podem ser anulados. A anulação de bilhetes tem que ser efetuada a partir do mesmo terminal em que foram vendidos e antes do sorteio.<br>Volte ao Menu Principal e selecione Anulação de Apostas, para obter informações mais detalhadas sobre anulações.]]></text>
		<image><![CDATA[<font size="20"><img src='Data/hs_option3.jpg' height='100px'/></font>]]></image>
		</option>
<!-------------------------------------------------------------------------------------------------------------option-->		
		<!--has child menu-->
		<option>
		<button name="btn_1"><![CDATA[Encomendar]]></button>
		<button name="btn_2"><![CDATA[Rececionar Ativar]]></button>
		<button name="btn_3"><![CDATA[Activar Caixa de Jogo]]></button>
		<button name="btn_4"><![CDATA[Ativar Maço]]></button>
		<title><![CDATA[LOTARIA INSTANTÂNEA]]></title>
		<text name="text_6"><![CDATA[]]></text>
		<image><![CDATA[<font size="20"><img src='Data/instantanea1.jpg' height='100px'/></font>]]></image>
		
		<subpage>
		<title><![CDATA[Encomendar]]></title>
		<text><![CDATA[ A opção <b>Encomendar</b> é utilizada para encomendar maços de bilhetes de lotaria instantânea.<br>1.	Selecione <b>Lotaria Instantânea</b>;<br>2.	Selecione <b>Encomendar</b>;<br>3.	Selecione um Jogo para encomendar a partir da lista que surge no écran. Utilize as setas Para Cima e para Baixo para visualizar mais jogos;<br>4.	Selecione <b>Quantidade</b> e utilize o teclado numérico para inserir a quantidade que pretende encomendar.<br>5.	Surge o total da encomenda.<br>6.	Selecione <b>Atualizar</b> para adicionar os itens à encomenda.<br>7.	Repita para encomendar jogos adicionais, se necessário;<br>8.	Selecione <b>Confirmar</b> para completer a encomenda.<br>Selecione novamente <b>Confirmar</b> para confirmar a encomenda e seguidamente pressione <b>OK</b>.

A sua encomenda foi submetida. 

]]></text>
		<image><![CDATA[<font size="20"><img src='Data/ins1.jpg' height='100px'/></font>]]></image>
		</subpage>
		
		
		<subpage>
		<title><![CDATA[Rececionar Ativar]]></title>
		<text><![CDATA[A opção <b>Rececionar Ativar</b> é utilizada para confirmar a receção de uma encomenda de bilhetes de lotaria instantânea e activá-los.<br>1.	Selecione <b>Lotaria Instantânea</b>.<br>2.	Selecione <b>Rececionar Ativar</b>.<br>3.	Passe no scanner o código de barras da lista da embalagem ou insira manualmente o número utilizando o teclado numérico.<br>4.	Selecione <b>Aceitar</b>.<br>5.	Selecione <b>Imprimir</b> para imprimir uma cópia da mensagem, para os seus registos, ou seleccione <b>OK</b> para continuar.]]></text>
		<image><![CDATA[<font size="20"><img src='Data/ins2.jpg' height='100px'/></font>]]></image>
		</subpage>
		
		
		<subpage>
		<title><![CDATA[Activar Caixa de Jogo]]></title>
		<text><![CDATA[A opção <b>Activar Caixa de Jogo</b> é utilizada para ativar uma caixa de bilhetes de lotaria instantânea.<br>1.	Selecione <b>Lotaria Instântanea</b>.<br>2.	Selecione <b>Ativar Caixa de Jogo</b>.<br>3.	Passe pelo scan um código de barras de um bilhete da caixa ou insira manualmente o número utilizando o teclado numérico;<br>4.	Selecione <b>Aceitar</b>.<br>5.	Selecione <b>Alterar</b> para editar ou <b>Aceitar</b>.<br>6.	Selecione <b>Imprimir</b> para imprimir uma cópia da mensagem, para os seus registos, ou seleccione <b>OK</b> para continuar.

]]></text>
		<image><![CDATA[<font size="20"><img src='Data/ins3.jpg' height='100px'/></font>]]></image>		
		</subpage>
		
		
		<subpage>
		<title><![CDATA[Ativar Maço]]></title>
		<text><![CDATA[A opção <b>Ativar Maço</b> é utilizada para ativar maços de bilhetes de lotaria instantânea que foram previamente confirmados utilizando o seu antigo terminal. <br>1.	Selecione <b>Lotaria Instântanea</b>.<br>2.	Selecione <b>Ativar Maço</b>.<br>3.	Passe pelo scan um código de barras de um bilhete do maço ou insira manualmente o número utilizando o teclado numérico;<br>4.	Selecione <b>Aceitar</b>.<br>5.	Selecione <b>Alterar</b> para editar ou Aceitar.<br>6.	Selecione <b>Imprimir</b> para imprimir uma cópia da mensagem, para os seus registos, ou seleccione <b>OK</b> para continuar.

]]></text>
		<image><![CDATA[<font size="20"><img src='Data/ins4.jpg' height='100px'/></font>]]></image>		
		</subpage>
		

		
		</option>
<!-------------------------------------------------------------------------------------------------------------option-->		
		<option>
		<title><![CDATA[FUNÇÕES ESPECIAIS]]></title>
		<text name="text_7"><![CDATA[A opção <b>Funções Especiais</b> dá acesso a várias funções do terminal, incluindo:<br><b>Versão dos Programas</b> para visualizar a versão de software carregada no seu terminal. Pressione <b>Versão dos Programas</b> e surgirá a versão actual de software e firmware do seu terminal. Se pretender, poderá imprimir este écran.<br><b>Teste da Impressora</b> - para efectuar um teste de impressora. Selecione <b>Teste da Impressora</b> para imprimir um bilhete de teste. Para verificar se a impressão no bilhete está nítida e completa.<br><b>Email do Gerente</b> - para visualizar as mensagens do Gerente. Selecione <b>Email do Gerente</b> e insira a palavra-passe para visualizar o e-mail. Se pretender pode imprimir as mensagens de e-mail.<br><b>Mensagens</b> - para visualizar e imprimir mensagens da SCML. Selecione <b>Mensagem</b> e surgirão as mensagens da SCML. Selecione <b>Ler</b> para ler uma mensagem, <b>Apagar</b> para apagar uma mensagem e <b>Imprimir</b> para imprimir.<br><b>Reiniciar</b> - para reiniciar o seu terminal. Selecione <b>Reiniciar</b> e selecione OK para reiniciar o seu terminal.<br><b>Jogos Santa Casa</b>  - Função utilizada pelo seu representante de vendas para gerir o stock de bilhetes de lotaria instantânea. ]]></text>
		<image><![CDATA[<font size="20"><img src='Data/hs_option4.jpg' height='100px'/></font>]]></image>
		</option>
<!-------------------------------------------------------------------------------------------------------------option-->		
		<option>
		<title><![CDATA[JOGOS]]></title>
		<text name="text_8"><![CDATA[O Écran Principal dá acesso a todos os jogos da SCML, para efectuar apostas manualmente. As apostas podem ser efectuadas utilizando bilhetes de jogo ou seleccionado um dos botões de jogo no Écran Principal e inserindo manualmente as selecções do jogador. <br>Volte ao <b>Menu Principal</b> e seleccione <b>Jogos</b> para aprender mais sobre cada jogo on-line.<br>Selecione o botão Ajuda para visualizar os tópicos de ajuda sobre écrans do terminal enquanto está na aplicação.

]]></text>
		<image><![CDATA[<font size="20"><img src='Data/hs_option_games.jpg' height='100px'/></font>]]></image>
		</option>
<!-------------------------------------------------------------------------------------------------------------option-->


		<option>
		<title><![CDATA[REIMPRESSÃO]]></title>
		<text name="text_9"><![CDATA[A função <b>Reimpressão</b> permite-lhe reimprimir a sua Última Transacção, Última Aposta, Última Validação Online ou Última Encomenda de bilhetes de lotaria instantânea. <br>Volte ao Menu Principal e selecione <b>Reimpressão</b>, para obter mais informações sobre esta função. ]]></text>
		<image><![CDATA[<font size="20"><img src='Data/hs_option5.jpg' height='100px'/></font>]]></image>
		</option>	
<!-------------------------------------------------------------------------------------------------------------option-->

		<option>
		<title><![CDATA[BROWSER]]></title>
		<text name="text_10"><![CDATA[Selecione o ícone do <b>Browser</b> para ver o site de internet da SCML para rever os resultados de jogos e outra informação.]]></text>
		<image><![CDATA[<font size="20"><img src='Data/hs_option_browser.jpg' height='100px'/></font>]]></image>
		</option>
<!-------------------------------------------------------------------------------------------------------------option-->

		
		<option>
		<title><![CDATA[RELATÓRIOS]]></title>
		<text name="text_11"><![CDATA[<b>Resumo de Caixa</b> – Para aceder aos relatórios de resumo de facturação de Hoje, de um dia seleccionado da semana ou da última semana.<br><b>Elenco Totobola</b> – Para aceder a relatórios que indicam detalhes dos jogos para o Normal, Extra Quinta e Extra Domingo.<br><b>Lotaria Instantânea Loja</b> – Para aceder a relatórios de stock de bilhetes de lotaria instantânea para o ponto de venda.<br><b>Lotaria Instantânea Terminal</b> – Para aceder a relatórios de stock de bilhetes de lotaria instantânea para o terminal.<br><b>Financeiros</b> – Utilizado pelos Gerentes para aceder a relatórios financeiros de vendas para o seu local de Mediador.<br>Volte ao Menu Principal e escolha <b>Relatórios</b> para obter mais detalhes sobre estes relatórios. 

]]></text>
		<image><![CDATA[<font size="20"><img src='Data/hs_option6.jpg' height='100px'/></font>]]></image>
		</option>
<!-------------------------------------------------------------------------------------------------------------option-->	
		
		<option>
		<title><![CDATA[EMAIL]]></title>
		<text name="text_12"><![CDATA[Selecione o ícone <b>eMail</b> para visualizar eMails recebidos da e enviados para a SCML. ]]></text>
		<image><![CDATA[<font size="20"><img src='Data/hs_option_email.jpg' height='100px'/></font>]]></image>
		</option>
		
		
<!-------------------------------------------------------------------------------------------------------------option-->	
		<option>
		<title><![CDATA[CHAVES E RESULTADOS]]></title>
		<text name="text_13"><![CDATA[<b>Chaves e Resultados</b> fornece resultados de jogos por jogo seleccionado para um dia que escolher.<br>1.	Selecione <b>Chaves e Resultados</b>.<br>2.	Selecione o jogo cujos resultados pretende visualizar; <br>3.	Selecione <b>Confirmar</b> para o sorteio actual ou insira uma data no campo fornecido para o efeito e selecione <b>Confirmar</b>.<br>4.	O relatório surge no écran. <br>Selecione <b>Imprimir</b> para imprimir o relatório OU selecione <b>OK</b> para voltar ao Écran Principal.]]></text>
		<image><![CDATA[<font size="20"><img src='Data/hs_option7.jpg' height='100px'/></font>]]></image>
		</option>

<!-------------------------------------------------------------------------------------------------------------option-->		
		<option>

		<title><![CDATA[HELP]]></title>
		<text name="text_14"><![CDATA[O botão de Ajuda no canto superior direito do écran disponibiliza um submenu de opções de ajuda.<br>O botão <b>Ajuda Geral</b> disponibiliza um submenu de funções comuns do terminal que poderá seleccionar para obter mais informações. <br>O botão <b>Ajuda de Contexto</b> disponibiliza ajuda específica para uma função que escolher. Por exemplo, se selecionar Ajuda por Contexto seguida de “desligar”, obterá ajuda específica sobre o encerramento do terminal.<br>A <b>Guia Multimédia</b> disponibiliza um submenu a partir do qual poderá escolher a visualização de pequenos vídeos de instruções sobre o terminal.  

]]></text>
		<image><![CDATA[<font size="20"><img src='Data/hs_option_help.jpg' height='100px'/></font>]]></image>
		</option>












		


	
</homescreen>

