<?xml version="1.0" encoding="utf-8"?>
<maintenancescreen>

		<main>
			<title><![CDATA[A limpeza do seu terminal de jogo é importante para que este funcione correctamente no seu ponto de venda de bilhetes.]]></title>
			
			<image><![CDATA[<font size="20"><img src='Data/GT1200_Terminal.jpg' height='100px'/></font>]]></image>
			<text name="text_1"><![CDATA[ ]]></text>
			
				<button name="btn_1"><![CDATA[Exterior do Equipamento]]></button>
				<button name="btn_2"><![CDATA[Leitor]]></button>
				<button name="btn_3"><![CDATA[Impressora]]></button>
				
		</main>
		
		<exterior>
			<title><![CDATA[EXTERIOR DO EQUIPAMENTO]]></title>
			
			<image><![CDATA[<font size="20"><img src='Data/GT1200_Terminal.jpg' height='100px'/></font>]]></image>
			<text name="text_1"><![CDATA[Para limpar o exterior do terminal, pulverize um tecido macio que não largue pêlo com um produto de limpeza que não contenha amoníaco ou vinagre.  Limpe suavemente o equipamento. Aviso! Nunca pulverize directamente o produto de limpeza em nenhum equipamento.]]></text>
		</exterior>
		
		<reader>
			<title><![CDATA[LEITOR]]></title>
			
			<image><![CDATA[<font size="20"><img src='Data/reader.swf' height='100px'/></font>]]></image>

			<text name="text_1"><![CDATA[<br>Para limpar o interior do leitor, tenha muito cuidado com o vidro da lente por detrás do écran táctil.  Esta é a área de leitura dos bilhetes de apostas e deve estar liberta de pó e sujidade.]]></text><!--NEXT Button-->
			<text name="text_2"><![CDATA[<br>Para solucionar um encravamento no leitor:<br>Abra a porta do leitor pressionando o botão prateado de abertura e puxando o écran táctil para a frente.  Pressione o botão verde que se assemelha a uma seta e abra a segunda porta da mesma forma.  Retire cuidadosamente qualquer sujidade e feche firmemente a porta do leitor.  ]]></text>
		</reader>
		
		<printer>
			<title><![CDATA[IMPRESSORA]]></title>
			
			<image><![CDATA[<font size="20"><img src='Data/printer.swf' height='100px'/></font>]]></image>
			<text name="text_1"><![CDATA[Para limpar a impressora, recomenda-se a utilização de toalhetes com álcool isopropílico 91%.  Devido ao elevado brilho no papel, este pode deixar resíduos na cabeça da impressora.  Com a passagem do tempo, esta acumulação de resíduos pode afectar a qualidade de impressão, podendo causar problemas como por exemplo riscos na impressão dos bilhetes. ]]></text>
		</printer>

	
</maintenancescreen>

