<?xml version="1.0" encoding="utf-8"?>
<reports>

	

	
		<main>
			<title><![CDATA[RELATÓRIOS]]></title>
			
			<image><![CDATA[<font size="20"><img src='Data/reports_img1.jpg' height='152px' width='330px'/></font>]]></image>
			<text name="text_1"><![CDATA[Touch Relatórios to display a menu of validation functions.]]></text>
				
				<button name="btn_1"><![CDATA[Resumo de Caixa]]></button>
				<button name="btn_2"><![CDATA[Lotaria Instantânea Loja]]></button>
				<button name="btn_3"><![CDATA[Financeiros]]></button>
				<button name="btn_4"><![CDATA[Elenco Totobola]]></button>
				<button name="btn_5"><![CDATA[Lotaria Instantânea Terminal]]></button>
					
		</main>
		
		<one>
			<title><![CDATA[RESUMO DE CAIXA]]></title>

			<image><![CDATA[<font size="20"><img src='Data/reports_img2.jpg' height='100px'/></font>]]></image>
			<text name="text_2"><![CDATA[Resumo de Caixa dá acesso aos relatórios de resumo de facturação de Hoje, de um dia seleccionado da semana ou da última semana.
<br>1.	Selecione <b>Relatórios</b>.<br>2.	Selecione <b>Resumo de Caixa</b>.  <br>3.	Selecione o espaço temporal relativamente ao qual pretende o relatório.<br>4.	Surge o relatório. Utilize as setas Para Cima e Para Baixo para fazer o scroll do texto, se necessário.<br>5.	Selecione <b>Imprimir</b> para imprimir o relatório ou selecione <b>OK</b> para voltar ao Écran Principal.]]></text>			
			
		
		</one>
		
		<two>
			<title><![CDATA[LOTARIA INSTANTÂNEA LOJA]]></title>

			<image><![CDATA[<font size="20"><img src='Data/reports_img3.jpg' height='100px'/></font>]]></image>
			<text name="text_3"><![CDATA[<b>Lotaria Instantânea Loja</b> dá acesso aos relatórios de stocks de bilhetes de lotaria instantânea para a Loja.
 <br>1.	Selecione <b>Relatórios</b>.<br>2.	Selecione <b>Lotaria Instantânea Loja</b>.  <br>3.	Selecione a opção de relatório pretendida.<br>4.	Surge o relatório. Utilize as setas Para Cima e Para Baixo para fazer o scroll do texto, se necessário.<br>5.	Selecione <b>Imprimir</b> para imprimir o relatório ou selecione <b>OK</b> para voltar ao Écran Principal.]]></text>			
			
		
		</two>
		
		<three><!--Has Child submenu-->
			<title><![CDATA[FINANCEIROS]]></title>

			<image><![CDATA[<font size="20"><img src='Data/reports_img4.jpg' height='100px'/></font>]]></image>
			<text name="text_4"><![CDATA[<b>Financeiros</b> dá acesso aos relatórios financeiros de vendas para o seu local de Mediador. Estes relatórios são utilizados pelos gerentes. Selecione um relatório, para obter mais informações.]]></text>			
				<button name="btn_1"><![CDATA[Vendas]]></button>
				<button name="btn_2"><![CDATA[Pag. Prémios]]></button>
				<button name="btn_3"><![CDATA[Remunerações]]></button>
				<button name="btn_4"><![CDATA[Resumo LN Online]]></button>
				<button name="btn_5"><![CDATA[Prestação de Contas]]></button>			
		
			<subpage>
			<title><![CDATA[VENDAS]]></title>
			<text name="text_4"><![CDATA[1.	Selecione <b>Relatórios</b>.<br>2.	Selecione <b>Financeiros</b>.  <br>3.	Selecione <b>Vendas</b>.<br>4.	Selecione o espaço temporal pretendido.<br>5.	Surge o relatório. Utilize as setas Para Cima e Para Baixo para fazer o scroll do texto, se necessário.<br>6.	Selecione <b>Imprimir</b> para imprimir o relatório ou selecione <b>OK</b> para voltar ao Écran Principal.

]]></text>
			<image><![CDATA[<font size="20"><img src='Data/subreports_img5.jpg' height='100px'/></font>]]></image>
			</subpage>
			
			<subpage>
			<title><![CDATA[PAG. PRÉMIOS]]></title>
			<text name="text_4"><![CDATA[1.	Selecione <b>Relatórios</b>.<br>2.	Selecione <b>Financeiros</b>.  <br>3.	Selecione <b>Pag. Prémios</b>.<br>4.	Selecione o espaço temporal pretendido.<br>5.	Surge o relatório. Utilize as setas Para Cima e Para Baixo para fazer o scroll do texto, se necessário.<br>6.	Selecione <b>Imprimir</b> para imprimir o relatório ou selecione <b>OK</b> para voltar ao Écran Principal.

]]></text>
			<image><![CDATA[<font size="20"><img src='Data/subreports_img6.jpg' height='100px'/></font>]]></image>
			</subpage>
			
			<subpage>
			<title><![CDATA[REMUNERAÇÕES]]></title>
			<text name="text_4"><![CDATA[1.	Selecione <b>Relatórios</b>.<br>2.	Selecione <b>Financeiros</b>.  <br>3.	Selecione <b>Remunerações</b>.<br>4.	Selecione o espaço temporal pretendido.<br>5.	Surge o relatório. Utilize as setas Para Cima e Para Baixo para fazer o scroll do texto, se necessário.<br>6.	Selecione <b>Imprimir</b> para imprimir o relatório ou selecione <b>OK</b> para voltar ao Écran Principal.

]]></text>
			<image><![CDATA[<font size="20"><img src='Data/subreports_img7.jpg' height='100px'/></font>]]></image>
			</subpage>
			
			<subpage>
			<title><![CDATA[RESUMO LN ONLINE]]></title>
			<text name="text_4"><![CDATA[1.  Selecione <b>Relatórios</b><br>2.	Selecione <b>Financeiros</b>.  <br>3.	Selecione <b>Resumo LN Online</b>.<br>4.	Selecione o espaço temporal pretendido.<br>5.	Surge o relatório. Utilize as setas Para Cima e Para Baixo para fazer o scroll do texto, se necessário.<br>6.	Selecione <b>Imprimir</b> para imprimir o relatório ou selecione <b>OK</b> para voltar ao Écran Principal.

]]></text>
			<image><![CDATA[<font size="20"><img src='Data/subreports_img8.jpg' height='100px'/></font>]]></image>
			</subpage>
			
			<subpage>
			<title><![CDATA[PRESTAÇÃO DE CONTAS]]></title>
			<text name="text_4"><![CDATA[1.	Selecione <b>Relatórios</b>.<br>2.	Selecione <b>Financeiros</b>.  <br>3.	Selecione <b>Prestação de Contas</b>.<br>4.	Selecione o espaço temporal pretendido.<br>5.	Surge o relatório. Utilize as setas Para Cima e Para Baixo para fazer o scroll do texto, se necessário.<br>6.	Selecione <b>Imprimir</b> para imprimir o relatório ou selecione <b>OK</b> para voltar ao Écran Principal.

]]></text>
			<image><![CDATA[<font size="20"><img src='Data/reports_img9.jpg' height='100px'/></font>]]></image>
			</subpage>
			
		
		
		</three>
		
		<four>
			<title><![CDATA[ELENCO TOTOBOLA]]></title>

			<image><![CDATA[<font size="20"><img src='Data/reports_img5.jpg' height='100px'/></font>]]></image>
			<text name="text_5"><![CDATA[<b>Elenco Totobola</b> – Para aceder a relatórios apresentam detalhes sobre os jogos Normal, Extra Quinta and Extra Domingo.
<br>1.	Selecione <b>Relatórios</b>.<br>2.	Selecione <b>Elenco Totobola</b>.  <br>3.	Selecione a opção de relatório pretendida: Normal, Extra Quinta, Extra Domingo <br>4.	Surge o relatório. <br>5.	Selecione <b>Pag Ant</b> ou <b>Pag Seg</b> consoante o necessário. Selecione <b>Imprimir</b> para imprimir o relatório ou selecione <b>OK</b> para voltar ao Écran Principal.

]]></text>			
			
		
		</four>
		
		<five>
			<title><![CDATA[LOTARIA INSTANTÂNEA TERMINAL]]></title>

			<image><![CDATA[<font size="20"><img src='Data/reports_img6.jpg' height='100px'/></font>]]></image>
			<text name="text_5"><![CDATA[<b>Lotaria Instantânea Terminal</b> – Para aceder ais relatórios de stocks de bilhetes de lotaria instantânea para o terminal.
<br>1.	Selecione <b>Relatórios</b>.<br>2.	Selecione <b>Lotaria Instantânea Terminal</b>.  <br>3.	Surge o relatório.<br>4.  Selecione <b>Imprimir</b> para imprimir o relatório ou selecione <b>OK</b> para voltar ao Écran Principal.

]]></text>			
			
		
		</five>
		


	
</reports>

