<?xml version="1.0" encoding="utf-8"?>
<reprints_screen>

	

	
		<main>
			<title><![CDATA[REIMPRESSÃO]]></title>
			
			<image><![CDATA[<font size="20"><img src='Data/reprints_home.jpg' height='100px'/></font>]]></image>
			<text name="text_1"><![CDATA[]]></text>
				<button name="btn_1"><![CDATA[Última Transação]]></button>
				<button name="btn_2"><![CDATA[Última Aposta]]></button>
				<button name="btn_3"><![CDATA[Último Pagamento]]></button>
				<button name="btn_4"><![CDATA[Última Encomendda]]></button>			
		</main>
		
		<reprint>
			<title><![CDATA[ÚLTIMA TRANSAÇÃO]]></title>
			<image><![CDATA[<font size="20"><img src='Data/reprints1.jpg' height='100px'/></font>]]></image>
			<text name="text_1"><![CDATA[Para reimprimir a última transacção (aposta ou pagamento) processada pelo seu terminal:  
<br>1.	Selecione <b>Reimpressão</b>.<br>2.	Selecione <b>Última Transação</b>.<br>3.	A última transação processada pelo seu terminal será reimpressa.

]]></text>
		</reprint>
		
		<reprint>
			<title><![CDATA[ÚLTIMA APOSTA]]></title>
			<image><![CDATA[<font size="20"><img src='Data/reprints2.jpg' height='100px'/></font>]]></image>
			<text name="text_1"><![CDATA[Para reimprimir a última aposta processada pelo seu terminal:  
<br>1.	Selecione <b>Reimpressão</b>.<br>2.	Selecione <b>Última Aposta</b>.<br>3.	A última aposta processada pelo seu terminal será reimpressa.



]]></text>
		</reprint>
		
		<reprint>
			<title><![CDATA[ÚLTIMO PAGAMENTO]]></title>
			<image><![CDATA[<font size="20"><img src='Data/reprints3.jpg' height='100px'/></font>]]></image>
			<text name="text_1"><![CDATA[Para reimprimir o último pagamento processado pelo seu terminal:  
<br>1.	Selecione <b>Reimpressão</b>.<br>2.	Selecione <b>Último Pagamento</b>.<br>3.	O último pagamento processado pelo seu terminal será reimpresso.

]]></text>
		</reprint>
		
		<reprint>
			<title><![CDATA[ÚLTIMA ENCOMENDDA]]></title>
			<image><![CDATA[<font size="20"><img src='Data/reprints4.jpg' height='100px'/></font>]]></image>
			<text name="text_1"><![CDATA[Para reimprimir a última encomenda de bilhetes de lotaria instantânea a partir do seu terminal:  
<br>1.	Selecione <b>Reimpressão</b>.<br>2.	Selecione <b>Última Encomenda</b>.<br>3.	A última encomenda de bilhetes de lotaria instantânea será reimpressa.

]]></text>
		</reprint>

	
</reprints_screen>

