<?xml version="1.0" encoding="utf-8"?>
<terminal>
<!-- NEW Jan 7 2014-->
<!-- SECTION A -->
			<main>
			
			<title><![CDATA[O seu equipamento de jogo inclui o terminal GT1200, uma impressora Accutherm Ultra e um écran de LCD.  Escolha o equipamento sobre o qual pretende saber mais informações.]]></title>
			
				<image><![CDATA[<font size="90"><img src='Data/GT1200_Terminal.jpg' /></font>]]></image>
				
				<button name="btn_1"><![CDATA[Equipamento de Jogo]]></button>	
				<button name="btn_2"><![CDATA[Comunicações]]></button>
				<button name="btn_3"><![CDATA[Cuidados com o Equipamento]]></button>
			</main>
			
			
<!-- SECTION A MENU-->				
			<terminal>
				<title><![CDATA[EQUIPAMENTO DE JOGO]]></title>
				<image><![CDATA[<font size="90"><img src='Data/GT1200_Terminal.jpg' /></font>]]></image>
				<button name="btn_1"><![CDATA[Terminal]]></button>	
				<button name="btn_2"><![CDATA[Impressora]]></button>
				<button name="btn_3"><![CDATA[CDU]]></button>

			</terminal>				
				
<!-- TERMINAL -->			
			<gt1200>
				<title><![CDATA[TERMINAL]]></title>
				
				<text name="text_1"><![CDATA[O terminal GT1200 aqui apresentado inclui diversos componentes, incluindo:<br>•	Leitor para leitura de boletins de jogo;<br>• Canal de Leitura de Marca para marcar bilhetes online validados e anulados;<br>• Écran táctil para interacção com a aplicação do terminal;<br>• Compartimento de saída de boletins de jogo, onde regressa o boletim de jogo após ser lido;<br>• Scanner para leitura de códigos de barras.]]></text>
			
				<image><![CDATA[<font size="90"><img src='Data/GT1200_Terminal.jpg' /></font>]]></image>
				
			</gt1200>
<!-- IMPRESSORA -->			
			<accutherm>
			
			<title><![CDATA[A impressora Accutherm Ultra aqui apresentada é utilizada para impressão de bilhetes on-line, recibos e relatórios. Escolha um dos tópicos seguintes para mais informações. ]]></title>
			<image><![CDATA[<font size="90"><img src='Data/ultra_change_paper_1.jpg' /></font>]]></image>
			
				<button name="btn_1"><![CDATA[Mudança de papel]]></button>
				<button name="btn_2"><![CDATA[Desobstrução de papel encravado]]></button>
				
					<changing>
						<title><![CDATA[MUDANÇA DE PAPEL]]></title>
						<text name="text_1"><![CDATA[A mudança de papel é fácil! Primeiro, pressione o botão prateado na tampa da impressora e puxe para cima as partes laterais da tampa para abrir. Depois, remova o pedaço de fita no final do rolo de papel. Coloque o rolo de papel na impressora, para que o papel role a partir do fundo e na sua direcção.  Certifique-se de que o papel rola através do cilindro???.  Por se tratar de um rolo novo, deixe 31-46 cm de papel fora da impressora e feche firmemente a tampa da impressora.  A impressora continua o processo rapidamente e corta o papel.]]></text>

						<image><![CDATA[<font size="90"><img src='Data/changingPaper.swf' /></font>]]></image>
					
					</changing>
				
					<clearing>
						<title><![CDATA[PAPEL ENCRAVADO]]></title>
						<image><![CDATA[<font size="20"><img src='Data/ultra_change_paper_1.jpg' height='100px'/></font>]]></image>
				
						<text name="text_1"><![CDATA[O encravamento de papel acontece raramente mas quando ocorre, o écran de terminal mostra a mensagem ENCRAVAMENTO DE PAPEL NA IMPRESSORA. Para solucionar o encravamento: Abra a tampa da impressora e deixe o rolo no lugar.  Em seguida, puxe o papel para os desencravar, com o cuidado necessário para evitar que este se rasgue.  O papel avança e é cortado automaticamente, e o funcionamento normal continua. ]]></text>
				
					</clearing>
				
			</accutherm>			
<!-- CDU -->			
			<cdu>
				<title><![CDATA[VISOR PARA O APOSTADOR(CDU)]]></title>
				<image><![CDATA[<font size="20"><img src='Data/CDU_small.jpg' height='100px'/></font>]]></image>
				<text name="text_1"><![CDATA[O écran de LCD serve para mostrar aos jogadores informação sobre promoções e transacções.]]></text>				
			</cdu>			
			
			
			
			
<!-- END SECTION A -->			
			
			
<!-- SECTION B -->			
			<comm>
				<title><![CDATA[COMUNICAÇÕES]]></title>
				<button name="btn_1"><![CDATA[Teldat C1 +L]]></button>	
				<button name="btn_2"><![CDATA[Teldat 150 (Backup 3G)]]></button>
				<button name="btn_3"><![CDATA[Teldat 150 (Backup RDIS)]]></button>				
				<button name="btn_4"><![CDATA[Teldat 152]]></button>	
				<button name="btn_5"><![CDATA[Teldat 250]]></button>
				<button name="btn_6"><![CDATA[Teldat 3G]]></button>			
			
			<teldat>
				<title><![CDATA[Teldat C1 +L]]></title>
				<image><![CDATA[<font size="20"><img src='Data/teldat_c1.swf' height='100px'/></font>]]></image>
				<text></text>
			</teldat>
			<teldat>
				<title><![CDATA[Teldat 150 (Backup 3G)]]></title>
				<image><![CDATA[<font size="20"><img src='Data/teldat_backup3g.swf' height='100px'/></font>]]></image>
				<text></text>
			</teldat>
			<teldat>
				<title><![CDATA[Teldat 150 (Backup RDIS)]]></title>
				<image><![CDATA[<font size="20"><img src='Data/teldat_RDIS.swf' height='100px'/></font>]]></image>
				<text></text>			
			</teldat>
			<teldat>
				<title><![CDATA[Teldat 152]]></title>
				<image><![CDATA[<font size="20"><img src='Data/teldat_152.swf' height='100px'/></font>]]></image>
				<text></text>			
			</teldat>
			<teldat>
				<title><![CDATA[Teldat 250]]></title>
				<image><![CDATA[<font size="20"><img src='Data/teldat_250.swf' height='100px'/></font>]]></image>
				<text></text>			
			</teldat>
			<teldat>.
				<title><![CDATA[Teldat 3G]]></title>
				<image><![CDATA[<font size="20"><img src='Data/teldat_3g.swf' height='100px'/></font>]]></image>
				<text></text>			
			</teldat>
			
			
			
			
			
			
			
			
			</comm>			
<!-- END SECTION B -->			
			
			
			




<!-- SECTION C -->
			<equipment>
				<title><![CDATA[CUIDADOS REGULARES COM O EQUIPAMENTO]]></title>
				<button name="btn_1"><![CDATA[Exterior do Terminal]]></button>
				<button name="btn_2"><![CDATA[Interior do Terminal]]></button>
				<button name="btn_3"><![CDATA[Impressora]]></button>					
	<image><![CDATA[<font size="90"><img src='Data/GT1200_Terminal.jpg' /></font>]]></image>	
<!--Maintenance section begins-->	

		<exterior>
			<title><![CDATA[EXTERIOR DO TERMINAL]]></title>
			
			<image><![CDATA[<font size="20"><img src='Data/GT1200_Terminal.jpg' height='100px'/></font>]]></image>
			<text name="text_1"><![CDATA[Para limpar o exterior do terminal, pulverize um tecido macio que não largue pêlo com um produto de limpeza que não contenha amoníaco ou vinagre.  Limpe suavemente o equipamento. Aviso! Nunca pulverize directamente o produto de limpeza em nenhum equipamento.]]></text>
		</exterior>
		
		<reader>
			<title><![CDATA[INTERIOR DO TERMINAL]]></title>
			
			<image><![CDATA[<font size="20"><img src='Data/reader.swf' height='100px'/></font>]]></image>

			<text><![CDATA[<br>Para limpar o interior do leitor, tenha muito cuidado com o vidro da lente por detrás do écran táctil.  Esta é a área de leitura dos bilhetes de apostas e deve estar liberta de pó e sujidade.]]></text><!--NEXT Button-->
			<text><![CDATA[<br>Para solucionar um encravamento no leitor:<br>Abra a porta do leitor pressionando o botão prateado de abertura e puxando o écran táctil para a frente.  Pressione o botão verde que se assemelha a uma seta e abra a segunda porta da mesma forma.  Retire cuidadosamente qualquer sujidade e feche firmemente a porta do leitor.  ]]></text>
		</reader>

		<printer>
			<title><![CDATA[IMPRESSORAS]]></title>
			
			<image><![CDATA[<font size="20"><img src='Data/printer.swf' height='100px'/></font>]]></image>
			<text name="text_1"><![CDATA[Para limpar o exterior do impressora , pulverize um tecido macio que não largue pêlo com um produto de limpeza que não contenha amoníaco ou vinagre.  Limpe suavemente o equipamento. Aviso! Nunca pulverize directamente o produto de limpeza em nenhum equipamento.  Para limpar a cabeça de impressão, é recomendável que você use 91% algodão embebido em álcool isopropílico. Devido ao alto brilho do papel, resíduo pode ser deixada para trás sobre a cabeça de impressão. Com o tempo, esse acúmulo pode afetar a qualidade da impressão, podendo causar problemas como listras nas os bilhetes.
]]></text>
		</printer>
		

			
			</equipment>



<!--Maintenance section ends-->	




</terminal>