<?xml version="1.0" encoding="utf-8"?>
<validations>
		<main>
			<title><![CDATA[Pagamento de prémios]]></title>
			
			<image><![CDATA[<font size="20"><img src='Data/validations_main.jpg' height='100px'/></font>]]></image><!--Note: this is special because the image here actually contains the below text:
			<text name="text_1"><![CDATA[Touch Pagamento de Prémios to display a menu of validation functions.

1.	Touch Pagamento de Prémios.
2.	The Validation submenu displays. 
3.	Touch one of the options below to learn more.


]]></text>-->
				
				<button name="btn_1"><![CDATA[Lotaria Instantânea]]></button>
				<button name="btn_2"><![CDATA[Apostas Mútuas Euromilhões]]></button>
				<button name="btn_3"><![CDATA[Lotaria Nacional Física]]></button>
				<button name="btn_4"><![CDATA[Lotaria Nacional Online]]></button>
					
		</main>
		
		<validation>
			<title><![CDATA[LOTARIA INSTANTÂNEA]]></title>

			<image><![CDATA[<font size="20"><img src='Data/valid1.jpg' height='100px'/></font>]]></image>
			<text name="text_1"><![CDATA[Utilize para validar bilhetes de lotaria instantânea. Os códigos de barras dos bilhetes de lotaria instantânea são lidos pelo scanner. Os bilhetes de lotaria instantânea não podem nunca ser inseridos no leitor. 
Para validar um bilhete de lotaria instantânea:<br>1.	Selecione <b>Lotaria Instantânea</b>.<br>2.	Faça um scan do código de barras utilizando o scanner, ou manualmente inserindo o número de série do bilhete utilizando o teclado numérico, e selecione <b>Consultar</b>.<br>3.	Surge um écran de validação. <br>4.	Selecione <b>Imprimir</b> para imprimir um recibo para o jogador levar a outro local para pagamento de prémio,
OU, seleccione <b>Pagar</b> para pagar ao jogador o valor do bilhete premiado.<br>5.	Surge um écran de confirmação de validação e é automaticamente impresso um recibo. <br>6.	Selecione <b>OK</b>.<br>7.	Repita os passos para validar um outro bilhete ou selecione <b>Principal</b> para voltar ao Écran Principal. 


]]></text>			
			
		
		</validation>
		
		<validation>
			<title><![CDATA[APOSTAS MÚTUAS EUROMILHÕES]]></title>

			<image><![CDATA[<font size="20"><img src='Data/valid2.jpg' height='100px'/></font>]]></image>
			<text name="text_1"><![CDATA[Utilize para validar bilhetes de Totoloto, Totobola e Euromilhões
<br>1.	Selecione <b>Apostas Mútuas Euromilhões</b>.<br>2.	Faça um scan do código de barras utilizando o scanner, ou manualmente inserindo o número de série do bilhete utilizando o teclado numérico, e selecione <b>Consultar</b>.<br>3.	Surge um écran de validação. <br>4.	Selecione <b>Imprimir</b> para imprimir um recibo para o jogador levar a outro local para pagamento de prémio,
OU, seleccione <b>Pagar</b> para pagar ao jogador o valor do bilhete premiado.<br>5.	Surge um écran de confirmação de validação e é automaticamente impresso um recibo. <br>6.	Selecione <b>OK</b>.<br>7.	Repita os passos para validar um outro bilhete ou selecione <b>Principal</b> para voltar ao Écran Principal. ]]></text>			
			
		
		</validation>
		
		<validation>
			<title><![CDATA[LOTARIA NACIONAL FÍSICA]]></title>

			<image><![CDATA[<font size="20"><img src='Data/valid3.jpg' height='100px'/></font>]]></image>
			<text name="text_1"><![CDATA[Utilize para validar bilhetes da Lotaria Nacional Pré-pagos.
<br>1.	Selecione <b>Nacional Física</b>.<br>2.	Faça um scan do código de barras do bilhete utilizando o scanner.<br>3.	Selecione <b>Confirmar</b>.<br>4.	Surge um écran de validação. Selecione <b>Confirmar</b> para pagar o bilhete premiado ao jogador.<br>5.	Surge um écran de confirmação de validação e é automaticamente impresso um recibo.<br>6.	Selecione <b>OK</b>.<br>7.	Repita os passos para validar um outro bilhete ou selecione <b>Principal</b> para voltar ao Écran Principal 

]]></text>			
			
		
		</validation>
		
		<validation>
			<title><![CDATA[LOTARIA NACIONAL ONLINE]]></title>

			<image><![CDATA[<font size="20"><img src='Data/valid4.jpg' height='100px'/></font>]]></image>
			<text name="text_1"><![CDATA[Utilize para validar bilhetes da Lotaria Nacional Online.
<br>1.	Selecione <b>Lotaria Nacional Online</b>.<br>2.	Faça um scan do código de barras utilizando o scanner, ou manualmente inserindo o número de série do bilhete utilizando o teclado numérico, e selecione <b>Confirmar</b>.<br>3.	Insira o bilhete no leitor.<br>4.	Surge um écran de validação. <br>5.	Selecione <b>Imprimir</b> para imprimir um recibo para o jogador levar a outro local para pagamento de prémio,
OU, seleccione <b>Pagar</b> para pagar ao jogador o valor do bilhete premiado.<br>6.	Surge um écran de confirmação de validação e é automaticamente impresso um recibo. <br>7.	Selecione <b>OK</b>.<br>8.	Repita os passos para validar um outro bilhete ou selecione <b>Principal</b> para voltar ao Écran Principal. 


]]></text>			
			
		
		</validation>
		


	
</validations>

