<Lesson>
  <Section name="lesson" video="Media/Video/OverviewofMy3.flv" title="OVERVIEW OF My3" coach="0">
    <CuePoint time="-1">
      <ClearScreen/>
      <ClearHighlight/>
      <ClearOverlay/>
      <Coach name="0"/>
      <Video mask="none" x="0" y="0" width="0" height="0"/>
	  <Screen name="my3_logo_anchor"/>
      <Caption><![CDATA[My3 is a daily game where players try to match 3 numbers from 000 to 999 to the numbers drawn.]]></Caption>
    </CuePoint>
    <CuePoint time="0.15">
      <ClearScreen/>
      <ClearHighlight/>
      <ClearOverlay/>
	  <Video mask="none" x="0" y="0" width="0" height="0"/>
      <Coach name="0"/>
	  <Screen name="my3_logo_anchor"/>
      <Caption><![CDATA[My3 is a daily game where players try to match 3 numbers from 000 to 999 to the numbers drawn.]]></Caption>
    </CuePoint>
    <CuePoint time="8.575">
      <ClearScreen/>
      <ClearHighlight/>
      <ClearOverlay/>
		<Video mask="none" x="0" y="0" width="0" height="0"/>
      <Coach name="0"/>
	  <Screen name="screen_home"/>
	  <Highlight name="btn_my3"/>
      <Caption><![CDATA[Even though it sounds similar, My3 is an entirely new draw game, completely different from Pick 3. ]]></Caption>
    </CuePoint>
    <CuePoint time="14.147">
      <ClearScreen/>
      <ClearHighlight/>
      <ClearOverlay/>
	  <Video mask="none" x="0" y="0" width="0" height="0"/>
      <Coach name="0"/>
	  <Screen name="my3_playslip_blank"/>
      <Caption><![CDATA[The minimum bet is $1.00 for a single board.]]></Caption>
    </CuePoint>
    <CuePoint time="18.018">
      <ClearScreen/>
      <ClearHighlight/>
      <ClearOverlay/>
	  <Video mask="none" x="0" y="0" width="0" height="0"/>
      <Coach name="0"/>
	  <Screen name="my3_logo_text"/>
	  <Text name="tf_title"><value><![CDATA[2 Draws<br>10:30 AM,6:30 PM]]></value></Text>
      <Caption><![CDATA[There are two draws daily. The Midday draw at 10:30 AM and the evening draw at 6:30 PM.]]></Caption>
    </CuePoint>
    <CuePoint time="24.291">
      <ClearScreen/>
      <ClearHighlight/>
      <ClearOverlay/>
	  <Video mask="none" x="0" y="0" width="0" height="0"/>
      <Coach name="0"/>
	  <Screen name="my3_tkt"/>
      <Caption><![CDATA[Players can choose to play both draws. ]]></Caption>
    </CuePoint>
    <CuePoint time="27.051">
      <ClearScreen/>
      <ClearHighlight/>
      <ClearOverlay/>
	  <Video mask="none" x="0" y="0" width="0" height="0"/>
      <Coach name="0"/>
	  <Screen name="my3_graphic_text_1"/>
      <Caption><![CDATA[My3 is a fixed prize game. Prizes are awarded to players who match 2 or 3 of the numbers drawn in exact or any order.]]></Caption>
    </CuePoint>
    <CuePoint time="35.085">
      <ClearScreen/>
      <ClearHighlight/>
      <ClearOverlay/>
      <Coach name="0"/>
	  <Video mask="none" x="0" y="0" width="0" height="0"/>
	  <Screen name="anthony_hands_02"/>
      <Caption><![CDATA[OK, so how are these prizes awarded?]]></Caption>
    </CuePoint>
    <CuePoint time="38.138">
      <ClearScreen/>
      <ClearHighlight/>
      <ClearOverlay/>
	  <Video mask="none" x="0" y="0" width="0" height="0"/>
      <Coach name="0"/>
	  <Screen name="my3_nums_balls_1"/>
      <Caption><![CDATA[First prize is the Exact match. Everyone who matches all 3 numbers in the exact order to the numbers drawn wins $200.00.]]></Caption>
    </CuePoint>
    <CuePoint time="46.788">
      <ClearScreen/>
      <ClearHighlight/>
      <ClearOverlay/>
	  <Video mask="none" x="0" y="0" width="0" height="0"/>
      <Coach name="0"/>
	  <Screen name="my3_nums_balls_2"/>
      <Caption><![CDATA[Second prize is the Any match. If all 3 of the player's numbers are the same but in a different order, the prize is $40.00.]]></Caption>
    </CuePoint>
    <CuePoint time="55.956">
      <ClearScreen/>
      <ClearHighlight/>
      <ClearOverlay/>
	  <Video mask="none" x="0" y="0" width="0" height="0"/>
      <Coach name="0"/>
	  <Screen name="my3_nums_balls_3"/>
      <Caption><![CDATA[Third prize is for matching any 2 numbers in exact order for $4.00. ]]></Caption>
    </CuePoint>
    <CuePoint time="61.395">
      <ClearScreen/>
      <ClearHighlight/>
      <ClearOverlay/>
	  <Video mask="none" x="0" y="0" width="0" height="0"/>
      <Coach name="0"/>
	  <Screen name="anthony_center_text"/>
	  <Text name="tf_title"><value><![CDATA[Repeated Digits<br>Example:<br>3 - 3 - 1<br>3 - 1 - 3]]></value></Text>

      <Caption><![CDATA[If a player's winning numbers contain a repeated digit like 3 - 3 - 1 or 3 - 1 - 3, the first prize and the third prize are still $200.00 and $4.00. ]]></Caption>
    </CuePoint>
    <CuePoint time="72.609">
      <ClearScreen/>
      <ClearHighlight/>
      <ClearOverlay/>
	  <Video mask="none" x="0" y="0" width="0" height="0"/>
      <Coach name="0"/>
	  <Screen name="my3_graphic_text_2"/>
      <Caption><![CDATA[But the second prize is $100.00 because it's harder to win.]]></Caption>
    </CuePoint>
    <CuePoint time="76.576">
      <ClearScreen/>
      <ClearHighlight/>
      <ClearOverlay/>
	  <Video mask="none" x="0" y="0" width="0" height="0"/>
      <Coach name="0"/>
	  <Screen name="my3_graphic_text_3"/>
      <Caption><![CDATA[There are different ways the player can choose to play My3. ]]></Caption>
    </CuePoint>
    <CuePoint time="80.013">
      <ClearScreen/>
      <ClearHighlight/>
      <ClearOverlay/>
	  <Video mask="none" x="0" y="0" width="0" height="0"/>
      <Coach name="0"/>
	  <Screen name="my3_playslip_filled"/>
      <Caption><![CDATA[Just like other games, players can use a playslip to pick their numbers or tell you and you manually enter them on the terminal.]]></Caption>
    </CuePoint>
    <CuePoint time="87.354">
      <ClearScreen/>
      <ClearHighlight/>
      <ClearOverlay/>
	  <Video mask="none" x="0" y="0" width="0" height="0"/>
      <Coach name="0"/>
	  <Screen name="screen_my3"/>
	  <Highlight name="btn_my3_qp1"/>
	  <Highlight name="btn_my3_qp2"/>
	  <Highlight name="btn_my3_qp3"/>
	  <Highlight name="btn_my3_qp4"/>
	  <Highlight name="btn_my3_qp5"/>
	  <Highlight name="btn_quick_pick"/>
			<Text name="btn_online_validation"><value><![CDATA[Online<br>Validation]]></value></Text>
			<Text name="btn_last_bet"><value><![CDATA[Last<br>Bet]]></value></Text>
			<Text name="btn_quick_pick"><value><![CDATA[QUICK PICK]]></value></Text>
			<Text name="btn_1"><value><![CDATA[1.00]]></value></Text>
			<Text name="btn_2"><value><![CDATA[2.00]]></value></Text>
			<Text name="btn_3"><value><![CDATA[3.00]]></value></Text>
			<Text name="btn_4"><value><![CDATA[4.00]]></value></Text>
			<Text name="btn_5"><value><![CDATA[5.00]]></value></Text>
			<Text name="btn_both"><value><![CDATA[Both]]></value></Text>
			<Text name="btn_mid"><value><![CDATA[Midday]]></value></Text>
			<Text name="btn_eve"><value><![CDATA[Evening]]></value></Text>
			<Text name="n1"><value><![CDATA[1]]></value></Text>
			<Text name="n2"><value><![CDATA[2]]></value></Text>
			<Text name="n3"><value><![CDATA[3]]></value></Text>
			<Text name="n4"><value><![CDATA[4]]></value></Text>
			<Text name="n5"><value><![CDATA[5]]></value></Text>
			<Text name="n6"><value><![CDATA[6]]></value></Text>
			<Text name="n7"><value><![CDATA[7]]></value></Text>
			<Text name="n8"><value><![CDATA[8]]></value></Text>
			<Text name="n9"><value><![CDATA[9]]></value></Text>
			
			<Text name="btn_dayofweek"><value><![CDATA[Day Of<br>Week]]></value><value><![CDATA[Today<br>Only]]></value></Text>
			<Text name="btn_number_of_tickets"><value><![CDATA[Number<br>Of Tickets]]></value><value>1</value></Text>
      <Caption><![CDATA[Players can also choose a Quick Pick.]]></Caption>
    </CuePoint>
    <CuePoint time="90.324">
      <ClearScreen/>
      <ClearHighlight/>
      <ClearOverlay/>
	  <Video mask="none" x="0" y="0" width="0" height="0"/>
      <Coach name="0"/>
	  <Screen name="anthony_center"/>
      <Caption><![CDATA[OK, next we'll get into the details of playing My3.]]></Caption>
    </CuePoint>
  </Section>
</Lesson>